User_ID,Session_ID,Event,Device,Region,Channel,Product_Category,Revenue,Bounce_Flag,timestamp
USR00001,SES00001,browse,Desktop,West,Organic,Home,0.0,yes,"2025-10-28 07:33:50"
USR00002,SES00002,purchase,Mobile,North,"Google Ads",Sports,448.18,no,"2025-10-19 09:27:10"
USR00008,SES00008,add_to_cart,Desktop,East,Email,Fashion,0.0,no,"2025-10-20 00:00:00"
USR00013,SES00013,purchase,Desktop,South,Email,Home,0,no,"2025-10-24 09:40:53"
USR00014,SES00014,purchase,Tablet,North,"Social Media",Home,948.09,no,"2025-10-30 17:25:50"
USR00016,SES00016,checkout,Desktop,West,"Google Ads",Sports,0.0,yes,"2025-10-26 18:03:29"
USR00018,SES00018,browse,Mobile,East,Organic,Sports,0.0,yes,"2025-10-19 23:13:10"
USR00020,SES00020,browse,Desktop,West,Email,Electronics,0.0,yes,"2025-10-27 12:48:22"
USR00021,SES00021,browse,Desktop,South,"Social Media",Fashion,0.0,yes,"2025-10-08 22:04:33"
USR00022,SES00022,checkout,Tablet,West,"Social Media",Electronics,0,yes,"2025-10-12 05:35:26"
USR00024,SES00024,add_to_cart,Tablet,East,Organic,Home,0.0,yes,"2025-10-08 17:12:15"
USR00025,SES00025,add_to_cart,Tablet,North,"Social Media",Beauty,0.0,yes,"2025-10-11 21:36:06"
USR00026,SES00026,purchase,Desktop,South,"Google Ads",Fashion,522.19,no,"2025-10-28 01:44:26"
USR00031,SES00031,purchase,Desktop,West,"Google Ads",Electronics,952.45,no,"2025-10-31 06:53:07"
USR00035,SES00035,add_to_cart,Desktop,South,Organic,Fashion,0.0,yes,"2025-10-24 17:20:11"
USR00038,SES00038,browse,Tablet,North,"Google Ads",Beauty,0.0,yes,"2025-10-20 00:00:00"
USR00039,SES00039,browse,Desktop,East,Email,Sports,0.0,yes,"2025-10-20 00:00:00"
USR00044,SES00044,add_to_cart,Unknown,West,Email,Beauty,0,yes,"2025-10-26 13:42:42"
USR00046,SES00046,browse,Tablet,East,Email,Electronics,0.0,yes,"2025-10-20 00:00:00"
USR00052,SES00052,browse,Mobile,East,"Social Media",Home,0.0,yes,"2025-10-15 16:03:13"
USR00054,SES00054,browse,Desktop,West,"Google Ads",Home,0.0,yes,"2025-10-09 07:40:27"
USR00056,SES00056,browse,Tablet,Unknown,Email,Sports,0.0,yes,"2025-10-12 03:30:45"
USR00058,SES00058,checkout,Tablet,South,Organic,Electronics,0.0,yes,"2025-10-18 16:11:50"
USR00059,SES00059,browse,Mobile,South,Email,Fashion,0.0,yes,"2025-10-17 21:18:06"
USR00060,SES00060,browse,Tablet,West,Organic,Sports,0.0,no,"2025-10-05 23:25:11"
USR00061,SES00061,add_to_cart,Desktop,East,Email,Beauty,0.0,yes,"2025-10-02 19:23:58"
USR00062,SES00062,checkout,Tablet,East,Email,Electronics,0.0,no,"2025-10-28 19:12:39"
USR00063,SES00063,browse,Mobile,West,"Google Ads",Electronics,0.0,yes,"2025-10-04 06:45:35"
USR00064,SES00064,browse,Tablet,West,Email,Sports,0,yes,"2025-10-03 20:40:36"
USR00067,SES00067,add_to_cart,Desktop,West,Email,Sports,0.0,yes,"2025-10-11 07:35:15"
USR00077,SES00077,add_to_cart,Tablet,East,Email,Electronics,0,yes,"2025-10-07 10:56:27"
USR00083,SES00083,browse,Mobile,East,"Social Media",Electronics,0.0,yes,"2025-10-16 23:48:29"
USR00088,SES00088,add_to_cart,Tablet,West,"Social Media",Electronics,0,yes,"2025-10-30 05:15:02"
USR00089,SES00089,add_to_cart,Tablet,North,"Google Ads",Beauty,0,yes,"2025-10-16 11:13:31"
USR00091,SES00091,browse,Desktop,East,Email,Home,0.0,yes,"2025-10-12 15:30:36"
USR00094,SES00094,browse,Mobile,East,"Google Ads",Electronics,0.0,yes,"2025-10-13 01:06:18"
USR00095,SES00095,add_to_cart,Tablet,South,"Social Media",Beauty,0.0,yes,"2025-10-08 17:09:04"
USR00096,SES00096,browse,Tablet,South,Organic,Fashion,0.0,yes,"2025-10-20 16:29:51"
USR00100,SES00100,add_to_cart,Mobile,East,Email,Beauty,0.0,yes,"2025-10-31 13:58:19"
USR00101,SES00101,browse,Unknown,North,Organic,Home,0.0,yes,"2025-10-16 04:11:54"
USR00102,SES00102,browse,Desktop,North,Email,Fashion,0.0,yes,"2025-10-07 15:29:38"
USR00107,SES00107,add_to_cart,Unknown,South,"Google Ads",Fashion,0.0,no,"2025-10-18 10:16:00"
USR00112,SES00112,add_to_cart,Tablet,East,"Social Media",Home,0,yes,"2025-10-10 00:27:10"
USR00113,SES00113,browse,Desktop,South,Organic,Fashion,0.0,yes,"2025-10-30 06:54:52"
USR00115,SES00115,add_to_cart,Desktop,Unknown,"Google Ads",Sports,0.0,yes,"2025-10-09 18:00:46"
USR00122,SES00122,checkout,Tablet,East,Email,Fashion,0.0,yes,"2025-10-20 00:00:00"
USR00128,SES00128,checkout,Unknown,West,Email,Home,0.0,no,"2025-10-25 00:47:41"
USR00129,SES00129,checkout,Mobile,East,"Social Media",Sports,0.0,no,"2025-10-07 23:16:34"
USR00132,SES00132,add_to_cart,Mobile,West,Organic,Electronics,0.0,yes,"2025-10-30 18:30:36"
USR00133,SES00133,checkout,Tablet,West,"Social Media",Beauty,0.0,yes,"2025-10-06 13:43:21"
USR00134,SES00134,browse,Tablet,West,Email,Sports,0.0,yes,"2025-10-24 21:25:48"
USR00135,SES00135,browse,Mobile,South,"Google Ads",Sports,0.0,yes,"2025-10-17 02:55:36"
USR00142,SES00142,add_to_cart,Mobile,North,Organic,Home,0.0,yes,"2025-10-29 03:02:13"
USR00143,SES00143,browse,Unknown,Unknown,"Google Ads",Electronics,0.0,yes,"2025-10-11 06:52:10"
USR00145,SES00145,browse,Desktop,East,Email,Beauty,0,yes,"2025-10-12 16:40:54"
USR00148,SES00148,add_to_cart,Unknown,East,Organic,Beauty,0.0,yes,"2025-10-20 00:00:00"
USR00149,SES00149,checkout,Mobile,Unknown,"Social Media",Home,0.0,yes,"2025-10-05 14:15:35"
USR00150,SES00150,browse,Unknown,North,"Social Media",Beauty,0.0,yes,"2025-10-03 05:11:45"
USR00154,SES00154,purchase,Unknown,West,"Social Media",Electronics,220.72,no,"2025-10-25 10:37:37"
USR00155,SES00155,checkout,Desktop,West,Organic,Fashion,0.0,yes,"2025-10-04 11:06:44"
USR00156,SES00156,add_to_cart,Tablet,East,Email,Beauty,0.0,yes,"2025-10-11 10:52:08"
USR00159,SES00159,browse,Tablet,South,Email,Fashion,0.0,yes,"2025-10-16 21:40:06"
USR00162,SES00162,add_to_cart,Desktop,South,Organic,Electronics,0.0,yes,"2025-10-01 23:02:54"
USR00163,SES00163,browse,Tablet,West,"Google Ads",Sports,0.0,yes,"2025-10-20 23:50:02"
USR00165,SES00165,add_to_cart,Desktop,North,Organic,Beauty,0,yes,"2025-10-27 05:36:47"
USR00166,SES00166,browse,Desktop,South,"Social Media",Fashion,0.0,yes,"2025-10-04 13:05:10"
USR00172,SES00172,add_to_cart,Desktop,South,Email,Electronics,0.0,yes,"2025-10-05 10:32:14"
USR00173,SES00173,purchase,Desktop,East,"Social Media",Beauty,1424.95,no,"2025-10-20 00:00:00"
USR00174,SES00174,add_to_cart,Unknown,North,Organic,Sports,0.0,yes,"2025-10-15 13:10:06"
USR00175,SES00175,browse,Mobile,West,Organic,Sports,0.0,yes,"2025-10-07 15:59:53"
USR00180,SES00180,checkout,Mobile,East,Organic,Home,0.0,yes,"2025-10-27 01:43:18"
USR00182,SES00182,checkout,Desktop,West,"Social Media",Beauty,0,yes,"2025-10-18 06:29:10"
USR00186,SES00186,browse,Tablet,West,Organic,Electronics,0.0,yes,"2025-10-19 22:47:21"
USR00187,SES00187,browse,Mobile,East,"Google Ads",Beauty,0.0,yes,"2025-10-17 19:24:48"
USR00188,SES00188,add_to_cart,Desktop,South,Email,Home,0,yes,"2025-10-22 00:25:03"
USR00189,SES00189,browse,Desktop,East,Organic,Sports,0.0,yes,"2025-10-07 10:08:51"
USR00195,SES00195,add_to_cart,Tablet,South,"Social Media",Electronics,0.0,yes,"2025-10-12 20:03:30"
USR00197,SES00197,browse,Desktop,East,"Google Ads",Fashion,0.0,no,"2025-10-14 10:19:08"
USR00199,SES00199,browse,Tablet,North,Organic,Sports,0.0,yes,"2025-10-06 08:23:38"
USR00200,SES00200,add_to_cart,Unknown,East,Email,Beauty,0.0,yes,"2025-10-30 08:23:24"
USR00202,SES00202,browse,Tablet,East,Email,Sports,0.0,yes,"2025-10-09 20:49:23"
USR00205,SES00205,checkout,Unknown,West,"Social Media",Fashion,0,yes,"2025-10-18 20:55:38"
USR00208,SES00208,add_to_cart,Tablet,South,Email,Fashion,0.0,yes,"2025-10-19 06:19:53"
USR00210,SES00210,add_to_cart,Desktop,East,Organic,Sports,0.0,yes,"2025-10-27 11:21:08"
USR00211,SES00211,checkout,Desktop,Unknown,Email,Electronics,0,no,"2025-10-27 04:01:14"
USR00215,SES00215,checkout,Unknown,East,Email,Beauty,0.0,no,"2025-10-26 23:26:42"
USR00218,SES00218,purchase,Tablet,North,"Social Media",Home,905.64,no,"2025-10-22 12:09:22"
USR00219,SES00219,purchase,Mobile,North,"Google Ads",Home,1769.81,no,"2025-10-25 08:35:04"
USR00221,SES00221,checkout,Desktop,Unknown,Organic,Beauty,0.0,yes,"2025-10-31 17:10:27"
USR00223,SES00223,browse,Desktop,East,Email,Beauty,0.0,yes,"2025-10-31 18:56:52"
USR00224,SES00224,checkout,Desktop,West,Email,Electronics,0.0,yes,"2025-10-12 02:57:55"
USR00230,SES00230,add_to_cart,Tablet,South,"Google Ads",Fashion,0.0,yes,"2025-10-20 10:26:24"
USR00231,SES00231,checkout,Tablet,East,Email,Electronics,0.0,yes,"2025-10-30 12:57:23"
USR00236,SES00236,purchase,Tablet,North,"Google Ads",Fashion,400.13,no,"2025-10-12 10:55:40"
USR00237,SES00237,purchase,Desktop,South,Email,Beauty,1696.7,no,"2025-10-24 21:42:55"
USR00247,SES00247,add_to_cart,Unknown,West,Organic,Fashion,0.0,yes,"2025-10-04 00:55:18"
USR00249,SES00249,add_to_cart,Unknown,East,"Google Ads",Fashion,0.0,yes,"2025-10-28 02:44:20"
USR00253,SES00253,browse,Desktop,West,"Google Ads",Beauty,0,yes,"2025-10-16 23:56:59"
USR00254,SES00254,add_to_cart,Mobile,South,Organic,Fashion,0.0,yes,"2025-10-04 12:30:26"
USR00255,SES00255,browse,Desktop,East,Email,Fashion,0.0,yes,"2025-10-23 10:42:56"
USR00257,SES00257,browse,Desktop,West,Organic,Electronics,0.0,yes,"2025-10-18 09:20:02"
USR00259,SES00259,browse,Unknown,Unknown,Organic,Sports,0.0,yes,"2025-10-29 19:14:24"
USR00264,SES00264,browse,Tablet,West,"Google Ads",Sports,0.0,yes,"2025-10-20 02:10:37"
USR00266,SES00266,browse,Desktop,North,Organic,Fashion,0.0,yes,"2025-10-30 21:39:15"
USR00267,SES00267,purchase,Mobile,West,"Social Media",Fashion,1181.28,no,"2025-10-03 20:04:59"
USR00274,SES00274,browse,Unknown,North,"Social Media",Beauty,0.0,yes,"2025-10-12 03:54:32"
USR00276,SES00276,add_to_cart,Mobile,West,"Social Media",Electronics,0.0,yes,"2025-10-26 13:44:23"
USR00277,SES00277,browse,Desktop,Unknown,"Google Ads",Beauty,0.0,yes,"2025-10-19 00:54:46"
USR00282,SES00282,add_to_cart,Mobile,Unknown,"Google Ads",Sports,0,yes,"2025-10-07 00:23:40"
USR00287,SES00287,add_to_cart,Desktop,West,"Google Ads",Beauty,0.0,yes,"2025-10-16 15:23:11"
USR00289,SES00289,browse,Desktop,North,"Social Media",Home,0,yes,"2025-10-26 15:49:45"
USR00290,SES00290,checkout,Desktop,North,Email,Sports,0.0,yes,"2025-10-24 03:17:56"
USR00291,SES00291,checkout,Tablet,East,"Google Ads",Home,0.0,yes,"2025-10-28 17:01:09"
USR00292,SES00292,browse,Tablet,West,Email,Electronics,0.0,yes,"2025-10-20 00:00:00"
USR00293,SES00293,add_to_cart,Tablet,South,"Social Media",Fashion,0,yes,"2025-10-10 05:12:18"
USR00294,SES00294,purchase,Desktop,East,Organic,Fashion,1621.61,no,"2025-10-04 04:45:46"
USR00296,SES00296,browse,Tablet,East,"Social Media",Electronics,0.0,yes,"2025-10-11 15:57:07"
USR00297,SES00297,add_to_cart,Tablet,South,"Social Media",Sports,0.0,yes,"2025-10-31 17:31:44"
USR00299,SES00299,purchase,Mobile,West,Organic,Beauty,405.19,no,"2025-10-06 18:04:23"
USR00301,SES00301,add_to_cart,Unknown,Unknown,Organic,Home,0.0,yes,"2025-10-31 19:25:15"
USR00303,SES00303,checkout,Tablet,West,Organic,Beauty,0.0,yes,"2025-10-12 12:59:51"
USR00311,SES00311,browse,Desktop,South,Organic,Sports,0.0,yes,"2025-10-23 13:27:05"
USR00314,SES00314,purchase,Mobile,West,Email,Home,292.63,no,"2025-10-04 05:55:28"
USR00318,SES00318,browse,Tablet,South,Organic,Home,0,yes,"2025-10-16 15:29:34"
USR00319,SES00319,add_to_cart,Tablet,Unknown,Organic,Sports,0.0,yes,"2025-10-05 07:04:20"
USR00320,SES00320,browse,Desktop,Unknown,"Social Media",Fashion,0.0,yes,"2025-10-23 19:23:54"
USR00323,SES00323,browse,Desktop,South,Organic,Home,0.0,yes,"2025-10-02 05:05:32"
USR00324,SES00324,browse,Tablet,East,"Social Media",Electronics,0,yes,"2025-10-22 08:51:22"
USR00325,SES00325,add_to_cart,Mobile,North,"Social Media",Sports,0.0,yes,"2025-10-05 19:25:10"
USR00326,SES00326,browse,Desktop,North,Email,Home,0.0,yes,"2025-10-03 11:13:17"
USR00329,SES00329,browse,Mobile,South,Organic,Sports,0.0,yes,"2025-10-16 20:03:39"
USR00330,SES00330,checkout,Desktop,East,Email,Home,0.0,no,"2025-10-18 04:10:26"
USR00332,SES00332,purchase,Desktop,Unknown,Email,Beauty,1621.3,no,"2025-10-05 11:01:10"
USR00333,SES00333,add_to_cart,Mobile,West,"Google Ads",Beauty,0.0,no,"2025-10-19 04:37:11"
USR00334,SES00334,browse,Desktop,South,Organic,Fashion,0.0,yes,"2025-10-22 00:27:35"
USR00335,SES00335,checkout,Desktop,West,Email,Sports,0.0,yes,"2025-10-14 17:23:56"
USR00338,SES00338,add_to_cart,Mobile,North,"Social Media",Sports,0.0,yes,"2025-10-26 00:00:15"
USR00351,SES00351,browse,Tablet,Unknown,Organic,Beauty,0,yes,"2025-10-19 16:33:20"
USR00358,SES00358,browse,Unknown,West,"Google Ads",Fashion,0.0,yes,"2025-10-04 11:23:08"
USR00361,SES00361,browse,Desktop,South,"Google Ads",Electronics,0.0,yes,"2025-10-16 15:07:53"
USR00365,SES00365,add_to_cart,Desktop,South,Organic,Home,0.0,no,"2025-10-03 07:48:41"
USR00368,SES00368,add_to_cart,Desktop,Unknown,"Social Media",Beauty,0.0,yes,"2025-10-04 05:56:39"
USR00371,SES00371,add_to_cart,Mobile,Unknown,Email,Beauty,0.0,yes,"2025-10-17 20:56:08"
USR00372,SES00372,add_to_cart,Desktop,North,Email,Beauty,0,yes,"2025-10-09 11:37:13"
USR00377,SES00377,browse,Desktop,South,"Google Ads",Beauty,0.0,yes,"2025-10-17 03:00:45"
USR00378,SES00378,browse,Mobile,Unknown,Email,Beauty,0.0,yes,"2025-10-22 19:21:07"
USR00383,SES00383,browse,Desktop,West,Email,Home,0.0,yes,"2025-10-23 05:34:46"
USR00385,SES00385,purchase,Unknown,South,Email,Home,1403.43,no,"2025-10-18 10:54:06"
USR00389,SES00389,add_to_cart,Desktop,East,"Social Media",Beauty,0.0,yes,"2025-10-13 08:20:37"
USR00392,SES00392,browse,Mobile,North,Organic,Fashion,0.0,yes,"2025-10-25 23:37:26"
USR00397,SES00397,checkout,Tablet,North,"Google Ads",Electronics,0.0,yes,"2025-10-13 06:14:17"
USR00401,SES00401,browse,Tablet,Unknown,"Social Media",Home,0,yes,"2025-10-04 22:54:02"
USR00402,SES00402,checkout,Desktop,West,Organic,Fashion,0.0,no,"2025-10-23 09:42:32"
USR00409,SES00409,add_to_cart,Desktop,West,Email,Sports,0,yes,"2025-10-13 08:33:12"
USR00412,SES00412,browse,Unknown,North,Organic,Beauty,0.0,yes,"2025-10-08 04:31:01"
USR00413,SES00413,checkout,Tablet,South,"Google Ads",Sports,0,no,"2025-10-18 01:02:26"
USR00418,SES00418,browse,Desktop,Unknown,Organic,Home,0.0,yes,"2025-10-02 09:42:43"
USR00420,SES00420,add_to_cart,Mobile,West,"Social Media",Home,0.0,yes,"2025-10-16 21:57:15"
USR00425,SES00425,browse,Mobile,South,"Social Media",Sports,0.0,yes,"2025-10-25 02:50:36"
USR00427,SES00427,checkout,Tablet,West,"Google Ads",Home,0.0,yes,"2025-10-12 16:22:48"
USR00428,SES00428,browse,Mobile,West,Organic,Beauty,0.0,yes,"2025-10-02 08:34:58"
USR00430,SES00430,browse,Mobile,North,Organic,Fashion,0.0,yes,"2025-10-28 23:54:47"
USR00432,SES00432,checkout,Tablet,North,Email,Fashion,0.0,yes,"2025-10-11 23:02:02"
USR00436,SES00436,add_to_cart,Mobile,West,"Google Ads",Sports,0.0,yes,"2025-10-17 13:08:56"
USR00441,SES00441,add_to_cart,Tablet,East,"Google Ads",Beauty,0.0,yes,"2025-10-17 11:22:42"
USR00442,SES00442,add_to_cart,Mobile,West,"Social Media",Home,0.0,yes,"2025-10-21 02:59:08"
USR00443,SES00443,browse,Tablet,Unknown,"Google Ads",Electronics,0.0,yes,"2025-10-22 19:23:44"
USR00445,SES00445,add_to_cart,Desktop,East,"Social Media",Fashion,0.0,yes,"2025-10-07 14:24:21"
USR00448,SES00448,browse,Tablet,North,Organic,Sports,0.0,yes,"2025-10-11 16:58:57"
USR00450,SES00450,browse,Tablet,South,Organic,Home,0.0,yes,"2025-10-29 05:17:51"
USR00451,SES00451,browse,Desktop,South,"Social Media",Fashion,0.0,yes,"2025-10-25 08:51:54"
USR00457,SES00457,browse,Desktop,East,Email,Home,0.0,yes,"2025-10-14 05:06:21"
USR00462,SES00462,checkout,Desktop,Unknown,Organic,Beauty,0.0,yes,"2025-10-25 14:54:53"
USR00471,SES00471,purchase,Tablet,Unknown,Organic,Sports,314.86,no,"2025-10-02 17:56:44"
USR00473,SES00473,browse,Mobile,North,"Google Ads",Home,0.0,yes,"2025-10-23 06:52:26"
USR00474,SES00474,browse,Desktop,West,"Google Ads",Sports,0.0,yes,"2025-10-08 14:38:22"
USR00476,SES00476,browse,Tablet,East,"Google Ads",Home,0.0,yes,"2025-10-28 08:23:30"
USR00478,SES00478,add_to_cart,Tablet,East,Organic,Sports,0.0,yes,"2025-10-18 11:33:56"
USR00479,SES00479,add_to_cart,Unknown,East,"Google Ads",Fashion,0.0,yes,"2025-10-24 01:03:07"
USR00484,SES00484,add_to_cart,Unknown,South,Organic,Beauty,0.0,yes,"2025-10-05 08:21:04"
USR00486,SES00486,add_to_cart,Mobile,North,Organic,Home,0.0,yes,"2025-10-05 19:23:46"
USR00489,SES00489,browse,Desktop,Unknown,Organic,Electronics,0.0,yes,"2025-10-12 06:41:36"
USR00490,SES00490,checkout,Unknown,East,"Social Media",Fashion,0.0,yes,"2025-10-22 08:34:03"
USR00491,SES00491,add_to_cart,Unknown,South,"Social Media",Beauty,0.0,yes,"2025-10-15 23:52:43"
USR00493,SES00493,add_to_cart,Tablet,West,"Google Ads",Sports,0.0,yes,"2025-10-23 17:09:14"
USR00495,SES00495,browse,Desktop,North,Email,Electronics,0.0,no,"2025-10-21 20:14:08"
USR00497,SES00497,browse,Desktop,Unknown,"Google Ads",Fashion,0.0,yes,"2025-10-13 08:10:41"
USR00499,SES00499,add_to_cart,Tablet,South,Organic,Fashion,0.0,yes,"2025-10-16 20:36:08"
USR00500,SES00500,add_to_cart,Desktop,North,"Social Media",Sports,0,yes,"2025-10-08 11:33:01"
USR00503,SES00503,browse,Tablet,West,Organic,Electronics,0.0,yes,"2025-10-21 04:48:03"
USR00505,SES00505,checkout,Desktop,North,"Social Media",Electronics,0.0,yes,"2025-10-12 19:41:32"
USR00509,SES00509,browse,Mobile,East,"Social Media",Sports,0.0,no,"2025-10-15 13:50:04"
USR00511,SES00511,add_to_cart,Unknown,South,Organic,Sports,0.0,no,"2025-10-12 04:55:07"
USR00514,SES00514,browse,Unknown,South,"Social Media",Sports,0.0,yes,"2025-10-29 14:20:43"
USR00522,SES00522,browse,Mobile,North,"Google Ads",Sports,0.0,no,"2025-10-16 18:00:25"
USR00526,SES00526,browse,Mobile,North,Organic,Sports,0.0,yes,"2025-10-30 22:31:41"
USR00527,SES00527,browse,Unknown,North,"Social Media",Fashion,0.0,yes,"2025-10-14 22:03:40"
USR00531,SES00531,browse,Tablet,North,"Social Media",Electronics,0.0,yes,"2025-10-25 18:33:05"
USR00532,SES00532,purchase,Mobile,South,Email,Sports,1202.52,no,"2025-10-17 02:26:59"
USR00533,SES00533,browse,Mobile,Unknown,"Social Media",Beauty,0.0,yes,"2025-10-06 13:01:49"
USR00534,SES00534,purchase,Unknown,North,"Social Media",Fashion,1754.45,no,"2025-10-04 03:51:02"
USR00536,SES00536,browse,Tablet,South,Email,Sports,0.0,yes,"2025-10-10 21:27:32"
USR00543,SES00543,add_to_cart,Mobile,West,Organic,Fashion,0.0,yes,"2025-10-17 03:16:15"
USR00545,SES00545,purchase,Tablet,Unknown,Email,Home,1958.29,no,"2025-10-16 16:36:08"
USR00548,SES00548,checkout,Desktop,North,"Social Media",Electronics,0.0,no,"2025-10-03 06:58:15"
USR00549,SES00549,browse,Mobile,West,"Social Media",Sports,0.0,yes,"2025-10-30 21:44:45"
USR00552,SES00552,checkout,Desktop,North,"Google Ads",Beauty,0.0,yes,"2025-10-16 06:47:58"
USR00553,SES00553,browse,Tablet,North,"Social Media",Fashion,0.0,yes,"2025-10-11 21:43:48"
USR00554,SES00554,browse,Mobile,North,"Social Media",Beauty,0.0,yes,"2025-10-30 12:44:27"
USR00557,SES00557,checkout,Tablet,North,Organic,Electronics,0.0,yes,"2025-10-21 04:51:59"
USR00560,SES00560,browse,Desktop,West,"Google Ads",Sports,0.0,yes,"2025-10-13 00:13:45"
USR00565,SES00565,browse,Desktop,East,Organic,Home,0.0,no,"2025-10-22 20:57:40"
USR00568,SES00568,add_to_cart,Mobile,East,Organic,Electronics,0,yes,"2025-10-28 14:27:50"
USR00571,SES00571,add_to_cart,Mobile,South,Email,Fashion,0.0,no,"2025-10-05 15:56:32"
USR00573,SES00573,browse,Tablet,East,Email,Fashion,0.0,yes,"2025-10-14 06:15:14"
USR00577,SES00577,browse,Desktop,South,"Google Ads",Electronics,0.0,yes,"2025-10-14 07:42:56"
USR00578,SES00578,checkout,Mobile,East,"Social Media",Beauty,0.0,no,"2025-10-26 13:30:18"
USR00582,SES00582,browse,Desktop,West,"Google Ads",Home,0.0,yes,"2025-10-20 19:43:01"
USR00583,SES00583,purchase,Tablet,Unknown,"Social Media",Electronics,1980.42,no,"2025-10-14 03:26:32"
USR00586,SES00586,browse,Desktop,East,"Google Ads",Beauty,0.0,yes,"2025-10-29 02:29:46"
USR00588,SES00588,add_to_cart,Desktop,East,"Social Media",Electronics,0.0,yes,"2025-10-20 00:00:00"
USR00589,SES00589,add_to_cart,Tablet,West,Email,Sports,0.0,yes,"2025-10-10 02:26:02"
USR00593,SES00593,browse,Tablet,South,Organic,Beauty,0.0,yes,"2025-10-20 00:00:00"
USR00596,SES00596,browse,Desktop,West,"Google Ads",Sports,0.0,yes,"2025-10-02 07:33:46"
USR00600,SES00600,browse,Tablet,North,"Social Media",Electronics,0.0,yes,"2025-10-15 01:00:17"
USR00603,SES00603,purchase,Unknown,West,Organic,Beauty,1237.55,no,"2025-10-29 23:02:18"
USR00605,SES00605,browse,Unknown,South,Organic,Electronics,0,yes,"2025-10-30 05:38:34"
USR00606,SES00606,checkout,Tablet,West,"Social Media",Electronics,0.0,yes,"2025-10-02 02:53:58"
USR00611,SES00611,browse,Mobile,North,Organic,Electronics,0,yes,"2025-10-12 09:10:58"
USR00612,SES00612,add_to_cart,Desktop,West,"Google Ads",Fashion,0,yes,"2025-10-26 00:49:51"
USR00615,SES00615,checkout,Mobile,North,Organic,Home,0.0,yes,"2025-10-13 14:43:13"
USR00617,SES00617,add_to_cart,Desktop,North,"Social Media",Electronics,0.0,yes,"2025-10-05 03:24:14"
USR00619,SES00619,browse,Desktop,West,"Google Ads",Electronics,0.0,yes,"2025-10-19 10:38:20"
USR00620,SES00620,add_to_cart,Mobile,Unknown,Email,Electronics,0.0,yes,"2025-10-15 05:20:37"
USR00621,SES00621,checkout,Mobile,North,"Social Media",Sports,0.0,yes,"2025-10-30 11:40:23"
USR00624,SES00624,browse,Desktop,West,"Google Ads",Electronics,0.0,yes,"2025-10-05 21:00:28"
USR00626,SES00626,add_to_cart,Desktop,North,"Google Ads",Beauty,0.0,yes,"2025-10-01 20:16:57"
USR00627,SES00627,browse,Mobile,South,Email,Beauty,0.0,yes,"2025-10-04 15:05:48"
USR00633,SES00633,browse,Mobile,East,Organic,Beauty,0,yes,"2025-10-02 09:29:23"
USR00638,SES00638,browse,Tablet,East,"Google Ads",Beauty,0.0,yes,"2025-10-21 07:24:24"
USR00639,SES00639,add_to_cart,Desktop,South,"Google Ads",Home,0.0,yes,"2025-10-20 00:00:00"
USR00640,SES00640,browse,Desktop,West,"Social Media",Electronics,0.0,yes,"2025-10-21 03:56:05"
USR00642,SES00642,browse,Desktop,West,"Google Ads",Electronics,0.0,yes,"2025-10-21 07:14:15"
USR00650,SES00650,add_to_cart,Desktop,East,Organic,Beauty,0,no,"2025-10-11 06:29:37"
USR00653,SES00653,add_to_cart,Tablet,North,Organic,Beauty,0.0,yes,"2025-10-24 22:35:01"
USR00654,SES00654,browse,Unknown,West,Organic,Fashion,0,yes,"2025-10-06 13:01:41"
USR00655,SES00655,browse,Tablet,East,"Google Ads",Sports,0,yes,"2025-10-30 00:28:58"
USR00656,SES00656,add_to_cart,Mobile,East,"Social Media",Fashion,0.0,yes,"2025-10-17 19:55:46"
USR00660,SES00660,browse,Tablet,North,"Social Media",Fashion,0,yes,"2025-10-19 23:37:28"
USR00661,SES00661,add_to_cart,Tablet,South,Organic,Beauty,0.0,yes,"2025-10-20 00:00:00"
USR00662,SES00662,browse,Tablet,South,Organic,Electronics,0.0,yes,"2025-10-26 16:08:24"
USR00664,SES00664,add_to_cart,Tablet,North,Organic,Electronics,0.0,yes,"2025-10-24 07:29:05"
USR00665,SES00665,add_to_cart,Desktop,North,"Social Media",Electronics,0.0,yes,"2025-10-22 14:17:42"
USR00666,SES00666,add_to_cart,Desktop,North,"Social Media",Electronics,0.0,yes,"2025-10-24 04:15:06"
USR00668,SES00668,add_to_cart,Desktop,North,"Social Media",Electronics,0.0,yes,"2025-10-27 19:41:49"
USR00671,SES00671,checkout,Tablet,North,"Google Ads",Electronics,0.0,yes,"2025-10-27 15:59:10"
USR00673,SES00673,checkout,Mobile,East,Organic,Beauty,0.0,yes,"2025-10-27 15:21:46"
USR00675,SES00675,add_to_cart,Tablet,South,"Social Media",Sports,0.0,yes,"2025-10-31 16:35:14"
USR00676,SES00676,browse,Desktop,South,Email,Fashion,0.0,yes,"2025-10-28 21:39:05"
USR00677,SES00677,browse,Tablet,West,"Google Ads",Electronics,0.0,no,"2025-10-10 13:10:52"
USR00682,SES00682,browse,Tablet,North,"Google Ads",Home,0,yes,"2025-10-10 05:35:49"
USR00683,SES00683,checkout,Tablet,East,"Social Media",Beauty,0.0,yes,"2025-10-19 04:01:53"
USR00688,SES00688,checkout,Tablet,East,"Google Ads",Sports,0.0,yes,"2025-10-24 04:07:16"
USR00693,SES00693,browse,Tablet,Unknown,"Social Media",Sports,0.0,yes,"2025-10-13 01:50:50"
USR00698,SES00698,browse,Desktop,East,"Social Media",Electronics,0.0,yes,"2025-10-19 23:21:44"
USR00702,SES00702,browse,Tablet,West,"Google Ads",Fashion,0.0,yes,"2025-10-26 01:52:06"
USR00703,SES00703,browse,Tablet,East,"Social Media",Sports,0.0,yes,"2025-10-20 00:00:00"
USR00704,SES00704,checkout,Desktop,South,"Google Ads",Electronics,0.0,yes,"2025-10-16 04:15:21"
USR00705,SES00705,browse,Desktop,North,"Google Ads",Home,0,yes,"2025-10-14 08:52:22"
USR00712,SES00712,add_to_cart,Desktop,East,Organic,Sports,0.0,yes,"2025-10-07 09:58:47"
USR00720,SES00720,add_to_cart,Unknown,North,Email,Beauty,0.0,yes,"2025-10-17 07:20:23"
USR00725,SES00725,add_to_cart,Tablet,South,"Google Ads",Beauty,0.0,yes,"2025-10-19 16:31:13"
USR00726,SES00726,browse,Tablet,East,"Social Media",Home,0.0,yes,"2025-10-12 21:21:03"
USR00728,SES00728,checkout,Tablet,North,Organic,Home,0.0,yes,"2025-10-24 04:18:13"
USR00729,SES00729,add_to_cart,Mobile,West,Email,Electronics,0.0,yes,"2025-10-13 14:35:57"
USR00731,SES00731,checkout,Tablet,North,Organic,Home,0.0,yes,"2025-10-13 17:49:15"
USR00733,SES00733,browse,Mobile,North,Email,Home,0.0,yes,"2025-10-05 17:54:25"
USR00735,SES00735,add_to_cart,Desktop,West,Email,Beauty,0.0,yes,"2025-10-17 09:03:51"
USR00736,SES00736,add_to_cart,Tablet,North,Organic,Sports,0.0,yes,"2025-10-15 18:03:55"
USR00738,SES00738,checkout,Desktop,West,"Google Ads",Electronics,0.0,no,"2025-10-23 22:00:12"
USR00745,SES00745,browse,Mobile,North,"Google Ads",Beauty,0.0,yes,"2025-10-25 05:27:39"
USR00748,SES00748,add_to_cart,Mobile,South,Email,Home,0.0,yes,"2025-10-21 05:22:00"
USR00749,SES00749,add_to_cart,Tablet,North,Email,Beauty,0.0,yes,"2025-10-07 09:47:43"
USR00751,SES00751,add_to_cart,Desktop,North,"Google Ads",Sports,0.0,yes,"2025-10-08 01:36:34"
USR00752,SES00752,add_to_cart,Desktop,South,"Social Media",Beauty,0.0,yes,"2025-10-14 04:18:23"
USR00753,SES00753,add_to_cart,Mobile,North,"Google Ads",Beauty,0.0,yes,"2025-10-25 10:43:38"
USR00754,SES00754,add_to_cart,Tablet,North,Email,Home,0.0,no,"2025-10-14 00:28:26"
USR00760,SES00760,checkout,Mobile,West,Organic,Sports,0.0,yes,"2025-10-09 18:02:43"
USR00762,SES00762,browse,Unknown,East,Email,Home,0.0,yes,"2025-10-22 06:45:00"
USR00765,SES00765,browse,Mobile,East,"Social Media",Home,0.0,yes,"2025-10-20 07:15:38"
USR00768,SES00768,browse,Desktop,West,Email,Beauty,0.0,yes,"2025-10-28 04:17:02"
USR00773,SES00773,browse,Mobile,East,Email,Electronics,0.0,yes,"2025-10-21 13:04:57"
USR00776,SES00776,add_to_cart,Mobile,West,"Google Ads",Electronics,0.0,yes,"2025-10-20 00:00:00"
USR00778,SES00778,purchase,Desktop,Unknown,Organic,Home,868.17,no,"2025-10-26 19:05:19"
USR00780,SES00780,checkout,Mobile,East,Organic,Fashion,0,yes,"2025-10-16 12:45:19"
USR00781,SES00781,browse,Desktop,North,Email,Electronics,0.0,yes,"2025-10-07 12:44:31"
USR00783,SES00783,add_to_cart,Mobile,West,"Google Ads",Fashion,0.0,yes,"2025-10-26 05:48:26"
USR00785,SES00785,add_to_cart,Mobile,East,Organic,Beauty,0.0,no,"2025-10-03 00:02:01"
USR00789,SES00789,browse,Mobile,North,Organic,Electronics,0.0,yes,"2025-10-20 00:00:00"
USR00791,SES00791,browse,Desktop,South,"Social Media",Electronics,0.0,yes,"2025-10-21 10:00:39"
USR00795,SES00795,add_to_cart,Desktop,North,"Google Ads",Sports,0.0,yes,"2025-10-25 18:09:50"
USR00796,SES00796,checkout,Tablet,South,"Google Ads",Beauty,0.0,no,"2025-10-20 00:00:00"
USR00798,SES00798,checkout,Desktop,East,"Social Media",Fashion,0.0,yes,"2025-10-26 08:03:42"
USR00803,SES00803,browse,Desktop,East,"Social Media",Sports,0.0,yes,"2025-10-27 14:23:44"
USR00812,SES00812,add_to_cart,Unknown,South,Organic,Home,0.0,no,"2025-10-05 00:41:22"
USR00813,SES00813,browse,Unknown,West,Email,Sports,0.0,yes,"2025-10-05 06:54:43"
USR00816,SES00816,checkout,Mobile,West,Organic,Home,0.0,no,"2025-10-10 05:19:23"
USR00823,SES00823,add_to_cart,Desktop,East,"Social Media",Beauty,0.0,yes,"2025-10-23 00:22:43"
USR00825,SES00825,add_to_cart,Desktop,South,"Google Ads",Beauty,0,yes,"2025-10-22 00:29:50"
USR00830,SES00830,add_to_cart,Tablet,East,Organic,Beauty,0,yes,"2025-10-26 23:20:07"
USR00831,SES00831,browse,Mobile,Unknown,Organic,Beauty,0.0,yes,"2025-10-16 10:05:25"
USR00832,SES00832,browse,Mobile,Unknown,"Social Media",Electronics,0.0,yes,"2025-10-24 22:31:19"
USR00834,SES00834,purchase,Mobile,North,Email,Sports,1207.84,no,"2025-10-20 08:20:19"
USR00838,SES00838,checkout,Desktop,West,"Social Media",Home,0,no,"2025-10-05 21:41:34"
USR00840,SES00840,add_to_cart,Mobile,East,"Social Media",Beauty,0.0,yes,"2025-10-18 05:21:06"
USR00846,SES00846,add_to_cart,Tablet,West,Email,Beauty,0.0,yes,"2025-10-28 00:05:37"
USR00857,SES00857,browse,Tablet,Unknown,Organic,Sports,0.0,yes,"2025-10-31 08:11:31"
USR00860,SES00860,checkout,Desktop,North,"Social Media",Home,0.0,yes,"2025-10-31 02:40:21"
USR00861,SES00861,add_to_cart,Desktop,South,Organic,Beauty,0.0,yes,"2025-10-09 06:51:57"
USR00865,SES00865,add_to_cart,Mobile,North,"Google Ads",Beauty,0,yes,"2025-10-22 06:41:53"
USR00870,SES00870,browse,Desktop,South,"Social Media",Electronics,0.0,yes,"2025-10-18 03:19:32"
USR00875,SES00875,checkout,Desktop,North,Email,Sports,0,yes,"2025-10-18 21:10:53"
USR00878,SES00878,browse,Mobile,North,"Social Media",Beauty,0.0,yes,"2025-10-28 17:19:19"
USR00881,SES00881,add_to_cart,Mobile,West,"Social Media",Beauty,0.0,yes,"2025-10-30 02:08:46"
USR00892,SES00892,add_to_cart,Mobile,Unknown,Organic,Fashion,0.0,yes,"2025-10-17 02:20:50"
USR00893,SES00893,add_to_cart,Tablet,South,Email,Electronics,0.0,yes,"2025-10-06 10:54:25"
USR00894,SES00894,browse,Desktop,South,Email,Fashion,0.0,yes,"2025-10-23 00:05:41"
USR00895,SES00895,add_to_cart,Tablet,Unknown,"Social Media",Fashion,0.0,yes,"2025-10-19 14:01:26"
USR00897,SES00897,browse,Desktop,West,"Social Media",Home,0.0,yes,"2025-10-29 20:25:39"
USR00901,SES00901,browse,Desktop,East,Organic,Fashion,0.0,no,"2025-10-08 14:47:50"
USR00903,SES00903,browse,Mobile,South,Email,Sports,0.0,yes,"2025-10-06 08:04:12"
USR00905,SES00905,add_to_cart,Mobile,West,"Social Media",Electronics,0.0,yes,"2025-10-24 17:41:35"
USR00907,SES00907,browse,Mobile,North,Organic,Beauty,0.0,yes,"2025-10-13 07:09:28"
USR00911,SES00911,add_to_cart,Tablet,South,Email,Sports,0,yes,"2025-10-18 11:55:53"
USR00912,SES00912,browse,Mobile,East,"Social Media",Fashion,0.0,yes,"2025-10-30 20:54:58"
USR00914,SES00914,browse,Desktop,East,"Google Ads",Sports,0.0,yes,"2025-10-24 01:27:02"
USR00915,SES00915,browse,Desktop,East,Organic,Beauty,0.0,yes,"2025-10-20 00:00:00"
USR00919,SES00919,add_to_cart,Mobile,South,Email,Home,0.0,yes,"2025-10-16 16:08:15"
USR00923,SES00923,add_to_cart,Unknown,East,Organic,Fashion,0.0,yes,"2025-10-04 19:38:08"
USR00924,SES00924,add_to_cart,Tablet,South,"Google Ads",Home,0.0,yes,"2025-10-03 00:39:04"
USR00925,SES00925,checkout,Desktop,North,Email,Electronics,0.0,no,"2025-10-23 15:39:56"
USR00927,SES00927,browse,Mobile,East,Organic,Electronics,0.0,yes,"2025-10-05 01:41:35"
USR00930,SES00930,add_to_cart,Mobile,North,Email,Home,0.0,yes,"2025-10-23 05:43:10"
USR00932,SES00932,browse,Unknown,West,"Social Media",Home,0.0,yes,"2025-10-20 00:00:00"
USR00933,SES00933,add_to_cart,Desktop,East,Organic,Electronics,0.0,yes,"2025-10-03 18:37:48"
USR00938,SES00938,checkout,Mobile,West,"Google Ads",Fashion,0.0,yes,"2025-10-25 18:29:21"
USR00940,SES00940,browse,Tablet,South,Organic,Beauty,0.0,yes,"2025-10-26 13:14:34"
USR00941,SES00941,browse,Tablet,North,"Google Ads",Home,0.0,yes,"2025-10-13 10:53:13"
USR00942,SES00942,add_to_cart,Tablet,North,Organic,Home,0.0,no,"2025-10-08 16:17:34"
USR00944,SES00944,add_to_cart,Unknown,South,Email,Electronics,0.0,no,"2025-10-06 03:48:37"
USR00949,SES00949,checkout,Mobile,West,"Social Media",Electronics,0.0,yes,"2025-10-10 22:10:14"
USR00954,SES00954,browse,Mobile,East,"Google Ads",Home,0.0,yes,"2025-10-09 08:51:36"
USR00956,SES00956,add_to_cart,Unknown,South,"Social Media",Sports,0.0,yes,"2025-10-14 12:31:30"
USR00957,SES00957,checkout,Desktop,South,"Social Media",Electronics,0.0,yes,"2025-10-05 00:52:05"
USR00958,SES00958,checkout,Mobile,East,"Google Ads",Sports,0,yes,"2025-10-01 21:06:32"
USR00959,SES00959,browse,Desktop,West,"Social Media",Fashion,0,yes,"2025-10-29 20:42:47"
USR00962,SES00962,browse,Mobile,North,"Google Ads",Home,0.0,no,"2025-10-11 10:36:24"
USR00966,SES00966,browse,Mobile,Unknown,Organic,Sports,0.0,no,"2025-10-15 08:57:36"
USR00969,SES00969,checkout,Mobile,West,Email,Fashion,0.0,yes,"2025-10-07 13:08:00"
USR00971,SES00971,add_to_cart,Tablet,West,"Social Media",Fashion,0.0,yes,"2025-10-20 00:00:00"
USR00972,SES00972,purchase,Desktop,East,"Google Ads",Beauty,974.68,no,"2025-10-25 16:38:25"
USR00976,SES00976,add_to_cart,Desktop,North,Email,Beauty,0.0,yes,"2025-10-28 17:07:59"
USR00977,SES00977,browse,Tablet,East,"Social Media",Electronics,0.0,yes,"2025-10-19 12:19:05"
USR00979,SES00979,purchase,Tablet,Unknown,Organic,Electronics,1998.51,no,"2025-10-25 10:11:05"
USR00980,SES00980,purchase,Unknown,West,Organic,Sports,497.87,no,"2025-10-27 13:02:25"
USR00981,SES00981,browse,Desktop,South,Email,Fashion,0,no,"2025-10-15 19:07:28"
USR00982,SES00982,browse,Desktop,West,Email,Electronics,0,yes,"2025-10-24 04:44:42"
USR00985,SES00985,browse,Desktop,North,"Google Ads",Beauty,0.0,yes,"2025-10-25 11:46:24"
USR00986,SES00986,browse,Desktop,West,"Google Ads",Electronics,0.0,yes,"2025-10-19 15:03:33"
USR00987,SES00987,add_to_cart,Tablet,North,Email,Beauty,0.0,yes,"2025-10-08 04:46:39"
USR00988,SES00988,add_to_cart,Desktop,North,"Social Media",Home,0.0,yes,"2025-10-29 20:09:38"
USR00994,SES00994,add_to_cart,Desktop,East,Email,Sports,0.0,no,"2025-10-19 09:36:45"
USR00995,SES00995,browse,Desktop,South,Email,Beauty,0.0,yes,"2025-10-24 04:46:24"
USR00997,SES00997,browse,Mobile,West,Organic,Home,0.0,yes,"2025-10-08 04:01:32"
USR00998,SES00998,browse,Tablet,West,Organic,Fashion,0,yes,"2025-10-06 21:55:07"
USR01001,SES01001,add_to_cart,Tablet,East,Organic,Sports,0.0,yes,"2025-10-27 15:59:04"
USR01003,SES01003,browse,Desktop,West,"Google Ads",Beauty,0.0,yes,"2025-10-13 21:27:21"
USR01005,SES01005,browse,Unknown,East,"Google Ads",Beauty,0.0,yes,"2025-10-07 07:44:00"
USR01007,SES01007,purchase,Tablet,East,"Google Ads",Fashion,1853.04,no,"2025-10-28 13:43:26"
USR01009,SES01009,browse,Tablet,Unknown,"Social Media",Sports,0.0,yes,"2025-10-02 11:06:55"
USR01010,SES01010,checkout,Desktop,North,Email,Home,0.0,no,"2025-10-06 18:37:23"
USR01011,SES01011,purchase,Unknown,North,Email,Home,733.2,no,"2025-10-06 21:38:32"
USR01014,SES01014,add_to_cart,Desktop,North,"Google Ads",Electronics,0.0,yes,"2025-10-18 05:03:30"
USR01015,SES01015,browse,Desktop,West,Email,Electronics,0.0,yes,"2025-10-13 13:59:24"
USR01017,SES01017,checkout,Tablet,East,"Google Ads",Fashion,0.0,yes,"2025-10-04 01:41:28"
USR01018,SES01018,browse,Tablet,East,Email,Electronics,0.0,yes,"2025-10-18 04:04:35"
USR01019,SES01019,add_to_cart,Tablet,West,Organic,Fashion,0.0,yes,"2025-10-05 22:29:45"
USR01020,SES01020,browse,Mobile,East,"Google Ads",Home,0.0,yes,"2025-10-26 08:42:36"
USR01021,SES01021,add_to_cart,Mobile,South,"Google Ads",Sports,0.0,yes,"2025-10-20 04:26:16"
USR01022,SES01022,add_to_cart,Tablet,North,"Social Media",Home,0,no,"2025-10-20 00:00:00"
USR01025,SES01025,add_to_cart,Tablet,South,"Google Ads",Electronics,0.0,yes,"2025-10-14 16:25:53"
USR01030,SES01030,browse,Tablet,East,Organic,Beauty,0.0,yes,"2025-10-29 04:00:33"
USR01031,SES01031,add_to_cart,Tablet,East,Organic,Fashion,0.0,yes,"2025-10-15 12:49:50"
USR01033,SES01033,purchase,Mobile,South,"Google Ads",Beauty,514.92,no,"2025-10-10 05:38:13"
USR01038,SES01038,checkout,Mobile,South,Email,Sports,0.0,yes,"2025-10-04 01:03:54"
USR01039,SES01039,browse,Desktop,South,Organic,Electronics,0.0,yes,"2025-10-12 08:40:46"
USR01040,SES01040,add_to_cart,Mobile,East,Email,Beauty,0.0,yes,"2025-10-30 07:33:42"
USR01041,SES01041,browse,Tablet,North,"Google Ads",Beauty,0.0,yes,"2025-10-10 17:58:27"
USR01044,SES01044,checkout,Tablet,South,"Google Ads",Fashion,0.0,yes,"2025-10-30 05:02:54"
USR01054,SES01054,browse,Mobile,North,Email,Beauty,0.0,yes,"2025-10-20 14:53:48"
USR01055,SES01055,browse,Mobile,East,Email,Beauty,0.0,yes,"2025-10-27 23:31:52"
USR01056,SES01056,browse,Unknown,East,Organic,Beauty,0.0,yes,"2025-10-05 01:39:49"
USR01058,SES01058,checkout,Mobile,South,Organic,Home,0.0,no,"2025-10-25 04:01:03"
USR01059,SES01059,add_to_cart,Mobile,East,"Google Ads",Electronics,0.0,yes,"2025-10-16 20:24:46"
USR01062,SES01062,browse,Tablet,East,"Social Media",Home,0.0,yes,"2025-10-23 14:18:11"
USR01063,SES01063,add_to_cart,Tablet,West,"Google Ads",Fashion,0.0,yes,"2025-10-16 03:54:23"
USR01065,SES01065,browse,Unknown,South,"Google Ads",Fashion,0,yes,"2025-10-25 15:34:51"
USR01067,SES01067,browse,Tablet,East,"Google Ads",Fashion,0.0,yes,"2025-10-07 14:41:06"
USR01068,SES01068,browse,Tablet,South,Organic,Home,0.0,yes,"2025-10-19 08:05:29"
USR01069,SES01069,browse,Mobile,North,Email,Electronics,0,no,"2025-10-05 20:30:31"
USR01070,SES01070,checkout,Desktop,South,Email,Electronics,0.0,yes,"2025-10-02 02:46:10"
USR01072,SES01072,browse,Tablet,South,Organic,Fashion,0.0,yes,"2025-10-13 08:09:53"
USR01077,SES01077,browse,Desktop,West,Organic,Home,0.0,yes,"2025-10-08 06:58:32"
USR01079,SES01079,add_to_cart,Mobile,North,"Social Media",Home,0.0,yes,"2025-10-18 20:37:05"
USR01080,SES01080,purchase,Unknown,East,"Google Ads",Fashion,1466.85,no,"2025-10-23 15:22:35"
USR01081,SES01081,browse,Unknown,West,Email,Beauty,0.0,yes,"2025-10-24 06:44:03"
USR01086,SES01086,checkout,Mobile,West,"Social Media",Fashion,0,yes,"2025-10-17 13:34:19"
USR01088,SES01088,browse,Desktop,North,"Social Media",Electronics,0.0,yes,"2025-10-20 00:00:00"
USR01093,SES01093,checkout,Mobile,South,Organic,Fashion,0.0,yes,"2025-10-18 12:44:47"
USR01095,SES01095,browse,Desktop,South,"Google Ads",Sports,0.0,yes,"2025-10-20 18:07:34"
USR01098,SES01098,checkout,Desktop,Unknown,Email,Fashion,0.0,yes,"2025-10-25 23:09:10"
USR01100,SES01100,browse,Tablet,North,Email,Electronics,0.0,yes,"2025-10-24 12:59:35"
USR01101,SES01101,browse,Tablet,North,"Social Media",Fashion,0.0,yes,"2025-10-15 04:04:25"
USR01107,SES01107,add_to_cart,Tablet,Unknown,"Social Media",Electronics,0.0,yes,"2025-10-20 00:00:00"
USR01108,SES01108,add_to_cart,Mobile,North,"Social Media",Sports,0.0,yes,"2025-10-25 12:15:15"
USR01109,SES01109,checkout,Mobile,North,"Social Media",Electronics,0.0,no,"2025-10-22 21:12:24"
USR01111,SES01111,browse,Unknown,South,Email,Electronics,0.0,yes,"2025-10-23 05:27:05"
USR01113,SES01113,browse,Mobile,West,Organic,Fashion,0.0,yes,"2025-10-30 01:37:28"
USR01115,SES01115,checkout,Tablet,South,"Social Media",Fashion,0.0,yes,"2025-10-11 03:32:06"
USR01118,SES01118,browse,Mobile,East,"Google Ads",Home,0.0,no,"2025-10-13 09:22:19"
USR01122,SES01122,browse,Desktop,East,"Social Media",Electronics,0.0,yes,"2025-10-24 16:50:40"
USR01125,SES01125,browse,Tablet,South,Email,Home,0.0,yes,"2025-10-27 09:58:29"
USR01126,SES01126,checkout,Desktop,South,"Google Ads",Home,0.0,yes,"2025-10-31 00:54:03"
USR01127,SES01127,add_to_cart,Mobile,West,"Google Ads",Home,0.0,yes,"2025-10-17 07:32:56"
USR01129,SES01129,browse,Mobile,East,Email,Beauty,0.0,yes,"2025-10-01 20:03:04"
USR01133,SES01133,add_to_cart,Desktop,Unknown,Email,Fashion,0.0,yes,"2025-10-16 00:10:48"
USR01136,SES01136,add_to_cart,Tablet,West,"Google Ads",Electronics,0.0,yes,"2025-10-18 04:26:44"
USR01142,SES01142,browse,Mobile,East,"Social Media",Electronics,0.0,yes,"2025-10-19 01:23:25"
USR01143,SES01143,checkout,Mobile,East,Email,Beauty,0.0,yes,"2025-10-16 10:21:46"
USR01145,SES01145,browse,Tablet,East,Organic,Beauty,0,no,"2025-10-20 12:35:03"
USR01148,SES01148,add_to_cart,Desktop,East,Organic,Electronics,0.0,yes,"2025-10-26 01:11:21"
USR01149,SES01149,browse,Mobile,South,Email,Sports,0.0,yes,"2025-10-23 03:17:57"
USR01150,SES01150,browse,Mobile,South,"Google Ads",Beauty,0.0,yes,"2025-10-10 18:32:56"
USR01151,SES01151,checkout,Tablet,South,"Google Ads",Home,0.0,yes,"2025-10-17 06:16:19"
USR01152,SES01152,add_to_cart,Tablet,North,Email,Sports,0.0,yes,"2025-10-30 07:06:51"
USR01153,SES01153,browse,Mobile,West,"Social Media",Home,0,yes,"2025-10-02 00:58:29"
USR01155,SES01155,checkout,Desktop,West,"Social Media",Fashion,0,yes,"2025-10-26 09:32:07"
USR01157,SES01157,checkout,Desktop,West,"Social Media",Home,0.0,yes,"2025-10-06 05:37:32"
USR01158,SES01158,add_to_cart,Desktop,West,"Social Media",Fashion,0.0,yes,"2025-10-12 09:38:50"
USR01159,SES01159,browse,Desktop,North,Organic,Sports,0.0,yes,"2025-10-29 05:43:55"
USR01160,SES01160,browse,Desktop,North,Email,Sports,0,yes,"2025-10-18 02:41:50"
USR01164,SES01164,browse,Mobile,West,Organic,Electronics,0.0,yes,"2025-10-20 05:34:23"
USR01167,SES01167,add_to_cart,Desktop,West,Email,Sports,0.0,yes,"2025-10-26 01:28:34"
USR01168,SES01168,checkout,Tablet,North,Email,Home,0.0,yes,"2025-10-14 06:39:31"
USR01170,SES01170,browse,Mobile,South,"Social Media",Fashion,0.0,yes,"2025-10-29 17:43:37"
USR01171,SES01171,browse,Desktop,East,Email,Beauty,0.0,yes,"2025-10-07 09:18:50"
USR01173,SES01173,add_to_cart,Mobile,Unknown,"Google Ads",Sports,0.0,yes,"2025-10-08 22:22:08"
USR01174,SES01174,browse,Desktop,Unknown,"Google Ads",Sports,0.0,yes,"2025-10-06 18:11:40"
USR01175,SES01175,browse,Mobile,South,Organic,Beauty,0.0,yes,"2025-10-24 20:22:39"
USR01177,SES01177,checkout,Mobile,North,Email,Home,0.0,yes,"2025-10-21 04:01:30"
USR01180,SES01180,add_to_cart,Tablet,Unknown,Email,Fashion,0.0,yes,"2025-10-30 16:44:24"
USR01181,SES01181,browse,Tablet,West,"Google Ads",Electronics,0.0,yes,"2025-10-16 17:53:23"
USR01185,SES01185,browse,Tablet,South,"Social Media",Beauty,0.0,yes,"2025-10-13 16:33:40"
USR01189,SES01189,add_to_cart,Desktop,North,Email,Sports,0.0,yes,"2025-10-13 01:52:08"
USR01191,SES01191,add_to_cart,Desktop,West,Organic,Fashion,0,yes,"2025-10-11 06:50:38"
USR01192,SES01192,browse,Unknown,Unknown,"Google Ads",Sports,0.0,no,"2025-10-16 21:26:17"
USR01197,SES01197,browse,Mobile,West,Email,Electronics,0.0,yes,"2025-10-31 00:01:45"
USR01201,SES01201,purchase,Tablet,South,Organic,Home,1261.74,no,"2025-10-15 15:05:43"
USR01203,SES01203,add_to_cart,Unknown,South,Email,Beauty,0.0,yes,"2025-10-29 14:27:38"
USR01206,SES01206,checkout,Mobile,North,"Social Media",Fashion,0.0,yes,"2025-10-31 04:50:43"
USR01208,SES01208,add_to_cart,Mobile,North,"Google Ads",Electronics,0.0,yes,"2025-10-24 17:27:55"
USR01209,SES01209,browse,Desktop,West,"Google Ads",Fashion,0.0,yes,"2025-10-06 06:55:13"
USR01210,SES01210,browse,Tablet,North,"Social Media",Electronics,0.0,yes,"2025-10-10 16:33:50"
USR01214,SES01214,add_to_cart,Tablet,North,Organic,Sports,0.0,yes,"2025-10-07 16:09:48"
USR01215,SES01215,add_to_cart,Mobile,West,"Social Media",Home,0.0,yes,"2025-10-06 00:00:46"
USR01217,SES01217,browse,Mobile,West,"Social Media",Home,0,yes,"2025-10-21 16:55:47"
USR01219,SES01219,browse,Desktop,South,Organic,Fashion,0.0,yes,"2025-10-17 22:01:50"
USR01220,SES01220,add_to_cart,Desktop,North,Email,Electronics,0,yes,"2025-10-02 06:41:22"
USR01229,SES01229,browse,Tablet,East,"Google Ads",Electronics,0.0,yes,"2025-10-29 06:50:20"
USR01233,SES01233,checkout,Tablet,East,"Social Media",Beauty,0,yes,"2025-10-03 00:42:09"
USR01235,SES01235,browse,Mobile,North,"Social Media",Fashion,0.0,yes,"2025-10-03 07:22:23"
USR01237,SES01237,add_to_cart,Tablet,West,Email,Electronics,0.0,yes,"2025-10-25 12:26:36"
USR01239,SES01239,browse,Mobile,East,"Google Ads",Sports,0.0,yes,"2025-10-16 22:01:51"
USR01243,SES01243,browse,Mobile,East,Email,Home,0.0,yes,"2025-10-17 09:57:40"
USR01247,SES01247,browse,Mobile,Unknown,Email,Sports,0.0,yes,"2025-10-27 12:16:47"
USR01248,SES01248,browse,Tablet,North,Email,Fashion,0.0,yes,"2025-10-14 02:54:27"
USR01249,SES01249,add_to_cart,Tablet,East,"Google Ads",Beauty,0.0,yes,"2025-10-20 10:52:02"
USR01250,SES01250,add_to_cart,Tablet,North,Email,Home,0.0,yes,"2025-10-07 04:41:08"
USR01254,SES01254,add_to_cart,Desktop,Unknown,"Google Ads",Sports,0.0,yes,"2025-10-28 07:11:39"
USR01255,SES01255,browse,Desktop,East,"Social Media",Beauty,0.0,yes,"2025-10-30 08:10:39"
USR01256,SES01256,add_to_cart,Desktop,North,Email,Beauty,0.0,yes,"2025-10-26 03:15:13"
USR01259,SES01259,add_to_cart,Desktop,West,"Social Media",Sports,0.0,yes,"2025-10-03 03:18:53"
USR01260,SES01260,add_to_cart,Desktop,North,"Google Ads",Sports,0.0,yes,"2025-10-16 01:01:14"
USR01261,SES01261,add_to_cart,Desktop,West,"Google Ads",Beauty,0.0,yes,"2025-10-23 14:45:24"
USR01262,SES01262,checkout,Tablet,South,"Google Ads",Beauty,0,yes,"2025-10-08 10:35:38"
USR01263,SES01263,add_to_cart,Desktop,North,"Social Media",Beauty,0.0,yes,"2025-10-20 13:39:17"
USR01265,SES01265,browse,Unknown,East,"Social Media",Beauty,0.0,yes,"2025-10-03 06:21:34"
USR01267,SES01267,browse,Desktop,West,"Google Ads",Fashion,0.0,yes,"2025-10-07 02:34:37"
USR01268,SES01268,checkout,Desktop,East,Organic,Beauty,0.0,no,"2025-10-25 11:42:48"
USR01269,SES01269,add_to_cart,Mobile,West,"Social Media",Fashion,0.0,yes,"2025-10-20 00:00:00"
USR01270,SES01270,add_to_cart,Mobile,East,"Google Ads",Electronics,0.0,yes,"2025-10-07 17:37:29"
USR01271,SES01271,browse,Tablet,East,"Google Ads",Beauty,0.0,yes,"2025-10-26 18:12:11"
USR01275,SES01275,checkout,Mobile,South,Organic,Home,0.0,yes,"2025-10-29 03:47:27"
USR01276,SES01276,browse,Desktop,East,Email,Fashion,0.0,yes,"2025-10-19 14:25:37"
USR01277,SES01277,add_to_cart,Mobile,South,"Google Ads",Electronics,0.0,yes,"2025-10-19 10:28:13"
USR01281,SES01281,browse,Tablet,South,"Google Ads",Beauty,0.0,yes,"2025-10-11 20:59:21"
USR01285,SES01285,browse,Desktop,West,"Google Ads",Home,0.0,yes,"2025-10-19 22:49:44"
USR01286,SES01286,add_to_cart,Tablet,Unknown,Email,Sports,0.0,yes,"2025-10-21 08:15:48"
USR01289,SES01289,add_to_cart,Mobile,West,"Social Media",Sports,0.0,yes,"2025-10-18 03:25:37"
USR01292,SES01292,browse,Tablet,Unknown,"Google Ads",Sports,0.0,yes,"2025-10-12 00:23:53"
USR01293,SES01293,checkout,Desktop,South,"Social Media",Sports,0.0,no,"2025-10-27 11:40:40"
USR01298,SES01298,browse,Mobile,South,Organic,Sports,0.0,yes,"2025-10-14 11:03:53"
USR01300,SES01300,add_to_cart,Mobile,North,Email,Sports,0.0,yes,"2025-10-25 08:46:55"
USR01302,SES01302,browse,Tablet,South,Email,Electronics,0.0,yes,"2025-10-09 03:14:19"
USR01307,SES01307,add_to_cart,Mobile,West,Email,Fashion,0.0,yes,"2025-10-18 06:41:32"
USR01309,SES01309,add_to_cart,Mobile,South,Email,Beauty,0.0,yes,"2025-10-30 08:01:59"
USR01315,SES01315,browse,Tablet,Unknown,"Google Ads",Beauty,0.0,yes,"2025-10-04 00:40:16"
USR01319,SES01319,add_to_cart,Mobile,South,Organic,Electronics,0.0,yes,"2025-10-29 07:27:44"
USR01321,SES01321,browse,Tablet,East,"Social Media",Beauty,0.0,yes,"2025-10-20 00:00:00"
USR01325,SES01325,browse,Unknown,West,Email,Sports,0.0,yes,"2025-10-23 04:31:05"
USR01326,SES01326,checkout,Mobile,South,Email,Electronics,0.0,yes,"2025-10-06 03:33:19"
USR01328,SES01328,purchase,Mobile,Unknown,Email,Sports,1803.4,no,"2025-10-05 21:47:36"
USR01332,SES01332,browse,Unknown,South,Email,Fashion,0.0,yes,"2025-10-30 11:50:32"
USR01333,SES01333,purchase,Desktop,South,Email,Fashion,586.89,no,"2025-10-31 10:00:57"
USR01334,SES01334,browse,Tablet,South,Email,Sports,0.0,yes,"2025-10-09 10:22:44"
USR01336,SES01336,checkout,Desktop,North,"Google Ads",Sports,0.0,yes,"2025-10-17 11:41:59"
USR01339,SES01339,checkout,Mobile,South,"Google Ads",Home,0.0,yes,"2025-10-06 18:22:00"
USR01343,SES01343,browse,Desktop,North,"Social Media",Sports,0.0,yes,"2025-10-16 05:48:45"
USR01347,SES01347,add_to_cart,Tablet,Unknown,"Google Ads",Beauty,0.0,yes,"2025-10-17 06:52:57"
USR01348,SES01348,browse,Desktop,West,Email,Sports,0.0,yes,"2025-10-05 16:59:03"
USR01350,SES01350,add_to_cart,Tablet,South,"Social Media",Electronics,0.0,yes,"2025-10-30 17:38:34"
USR01351,SES01351,add_to_cart,Mobile,South,Organic,Electronics,0.0,yes,"2025-10-28 23:58:13"
USR01352,SES01352,add_to_cart,Tablet,East,"Social Media",Fashion,0.0,yes,"2025-10-07 16:23:53"
USR01360,SES01360,browse,Mobile,Unknown,"Google Ads",Fashion,0.0,yes,"2025-10-21 13:13:07"
USR01361,SES01361,browse,Desktop,North,"Social Media",Sports,0.0,yes,"2025-10-07 07:54:02"
USR01362,SES01362,browse,Tablet,West,Organic,Sports,0.0,yes,"2025-10-27 19:26:25"
USR01363,SES01363,checkout,Tablet,South,"Social Media",Home,0.0,yes,"2025-10-27 19:25:44"
USR01365,SES01365,purchase,Desktop,East,Organic,Sports,1668.0,no,"2025-10-20 15:24:42"
USR01366,SES01366,checkout,Unknown,South,Organic,Electronics,0.0,yes,"2025-10-23 22:36:10"
USR01368,SES01368,browse,Desktop,West,"Social Media",Electronics,0.0,yes,"2025-10-04 17:18:58"
USR01369,SES01369,browse,Unknown,South,Email,Fashion,0,yes,"2025-10-28 07:06:19"
USR01372,SES01372,add_to_cart,Mobile,West,Email,Electronics,0.0,yes,"2025-10-25 21:30:01"
USR01376,SES01376,browse,Mobile,Unknown,Email,Fashion,0.0,yes,"2025-10-20 11:30:48"
USR01377,SES01377,browse,Mobile,West,Organic,Beauty,0.0,yes,"2025-10-02 05:42:25"
USR01380,SES01380,browse,Tablet,North,Organic,Sports,0,yes,"2025-10-28 01:36:11"
USR01382,SES01382,purchase,Mobile,East,Email,Electronics,1874.46,no,"2025-10-16 06:15:05"
USR01385,SES01385,checkout,Mobile,North,"Google Ads",Home,0.0,yes,"2025-10-25 20:27:17"
USR01388,SES01388,add_to_cart,Tablet,North,"Google Ads",Sports,0.0,no,"2025-10-08 18:10:03"
USR01390,SES01390,checkout,Mobile,West,"Social Media",Sports,0.0,no,"2025-10-14 01:14:27"
USR01391,SES01391,browse,Desktop,North,Organic,Home,0.0,yes,"2025-10-28 04:26:59"
USR01394,SES01394,checkout,Desktop,North,Email,Sports,0.0,no,"2025-10-27 04:57:56"
USR01395,SES01395,add_to_cart,Tablet,South,"Google Ads",Home,0.0,yes,"2025-10-15 10:51:03"
USR01396,SES01396,checkout,Tablet,West,"Social Media",Beauty,0.0,yes,"2025-10-01 20:58:43"
USR01397,SES01397,purchase,Tablet,Unknown,"Social Media",Beauty,888.09,no,"2025-10-05 06:18:28"
USR01399,SES01399,add_to_cart,Desktop,West,Organic,Electronics,0.0,yes,"2025-10-14 15:39:12"
USR01400,SES01400,add_to_cart,Unknown,West,Organic,Electronics,0.0,yes,"2025-10-15 00:09:07"
USR01404,SES01404,add_to_cart,Mobile,East,Email,Electronics,0.0,yes,"2025-10-24 11:43:05"
USR01408,SES01408,checkout,Tablet,West,Organic,Beauty,0.0,yes,"2025-10-26 01:02:38"
USR01409,SES01409,add_to_cart,Tablet,North,"Social Media",Electronics,0.0,yes,"2025-10-24 11:56:12"
USR01410,SES01410,add_to_cart,Tablet,South,Email,Fashion,0.0,yes,"2025-10-08 21:52:19"
USR01411,SES01411,add_to_cart,Mobile,West,Organic,Electronics,0.0,yes,"2025-10-18 15:01:46"
USR01416,SES01416,add_to_cart,Mobile,Unknown,Organic,Beauty,0.0,yes,"2025-10-13 12:28:07"
USR01418,SES01418,browse,Mobile,East,Organic,Sports,0.0,yes,"2025-10-05 03:05:15"
USR01420,SES01420,add_to_cart,Tablet,North,"Social Media",Beauty,0.0,yes,"2025-10-22 07:27:05"
USR01421,SES01421,add_to_cart,Tablet,North,"Google Ads",Sports,0.0,yes,"2025-10-05 21:29:26"
USR01423,SES01423,add_to_cart,Desktop,Unknown,Email,Fashion,0.0,yes,"2025-10-09 06:24:01"
USR01426,SES01426,browse,Desktop,East,"Google Ads",Sports,0,no,"2025-10-20 00:00:00"
USR01434,SES01434,browse,Mobile,West,"Google Ads",Sports,0,yes,"2025-10-09 19:49:36"
USR01436,SES01436,add_to_cart,Desktop,South,Email,Beauty,0.0,yes,"2025-10-10 02:36:22"
USR01438,SES01438,checkout,Tablet,North,"Social Media",Electronics,0.0,no,"2025-10-30 10:29:32"
USR01439,SES01439,browse,Desktop,East,"Google Ads",Fashion,0.0,yes,"2025-10-05 23:52:15"
USR01440,SES01440,browse,Desktop,South,Email,Fashion,0.0,no,"2025-10-20 00:00:00"
USR01441,SES01441,browse,Desktop,South,"Social Media",Home,0.0,no,"2025-10-27 20:08:28"
USR01445,SES01445,add_to_cart,Tablet,West,Organic,Beauty,0.0,yes,"2025-10-18 04:23:09"
USR01447,SES01447,browse,Tablet,East,"Social Media",Beauty,0.0,yes,"2025-10-02 15:49:18"
USR01453,SES01453,browse,Unknown,West,Organic,Electronics,0,yes,"2025-10-05 16:34:42"
USR01454,SES01454,browse,Mobile,South,"Social Media",Beauty,0.0,yes,"2025-10-25 16:33:42"
USR01456,SES01456,browse,Desktop,West,"Google Ads",Electronics,0.0,yes,"2025-10-06 19:49:10"
USR01460,SES01460,purchase,Tablet,East,"Google Ads",Electronics,0,no,"2025-10-20 00:00:00"
USR01466,SES01466,add_to_cart,Tablet,East,"Social Media",Electronics,0.0,yes,"2025-10-20 00:00:00"
USR01468,SES01468,add_to_cart,Desktop,West,Organic,Electronics,0.0,yes,"2025-10-10 16:46:31"
USR01469,SES01469,browse,Tablet,South,"Social Media",Beauty,0.0,yes,"2025-10-22 07:14:23"
USR01474,SES01474,browse,Tablet,West,Organic,Sports,0.0,yes,"2025-10-18 10:44:35"
USR01476,SES01476,browse,Mobile,Unknown,Email,Home,0.0,yes,"2025-10-07 13:11:58"
USR01477,SES01477,browse,Mobile,West,"Google Ads",Fashion,0.0,yes,"2025-10-02 00:27:17"
USR01481,SES01481,checkout,Mobile,South,"Social Media",Electronics,0.0,yes,"2025-10-21 16:11:36"
USR01483,SES01483,browse,Tablet,South,"Social Media",Home,0.0,no,"2025-10-20 00:00:00"
USR01484,SES01484,browse,Mobile,South,"Google Ads",Fashion,0.0,yes,"2025-10-05 10:52:32"
USR01485,SES01485,add_to_cart,Mobile,West,"Google Ads",Sports,0.0,yes,"2025-10-03 09:27:28"
USR01486,SES01486,checkout,Tablet,South,"Google Ads",Fashion,0.0,no,"2025-10-17 05:07:53"
USR01489,SES01489,purchase,Mobile,Unknown,Email,Beauty,1511.08,no,"2025-10-18 23:42:46"
USR01491,SES01491,browse,Unknown,Unknown,Organic,Sports,0.0,yes,"2025-10-02 08:55:13"
USR01493,SES01493,add_to_cart,Tablet,North,Email,Electronics,0.0,yes,"2025-10-07 15:36:23"
USR01495,SES01495,browse,Desktop,East,"Google Ads",Fashion,0.0,no,"2025-10-21 22:37:22"
USR01498,SES01498,browse,Mobile,East,Email,Home,0.0,yes,"2025-10-12 06:30:42"
USR01499,SES01499,add_to_cart,Mobile,Unknown,Organic,Fashion,0.0,yes,"2025-10-18 13:42:22"
USR01500,SES01500,browse,Desktop,South,Email,Fashion,0,yes,"2025-10-22 19:26:02"
USR01502,SES01502,add_to_cart,Mobile,West,Email,Sports,0.0,yes,"2025-10-20 00:00:00"
USR01503,SES01503,browse,Mobile,West,"Google Ads",Electronics,0.0,yes,"2025-10-15 15:41:33"
USR01506,SES01506,browse,Desktop,West,"Google Ads",Fashion,0.0,yes,"2025-10-11 23:38:26"
USR01507,SES01507,add_to_cart,Mobile,West,Email,Fashion,0.0,yes,"2025-10-14 14:10:23"
USR01508,SES01508,add_to_cart,Desktop,Unknown,Email,Beauty,0.0,no,"2025-10-30 07:22:56"
USR01509,SES01509,add_to_cart,Tablet,North,Email,Electronics,0.0,yes,"2025-10-19 13:13:27"
USR01511,SES01511,add_to_cart,Mobile,East,Email,Electronics,0.0,yes,"2025-10-26 16:57:57"
USR01512,SES01512,add_to_cart,Mobile,South,"Google Ads",Beauty,0.0,yes,"2025-10-25 01:50:18"
USR01514,SES01514,browse,Mobile,Unknown,Organic,Sports,0.0,yes,"2025-10-06 07:05:36"
USR01515,SES01515,checkout,Mobile,West,"Google Ads",Beauty,0.0,yes,"2025-10-30 18:30:12"
USR01521,SES01521,add_to_cart,Mobile,North,Email,Home,0.0,no,"2025-10-03 07:44:02"
USR01524,SES01524,add_to_cart,Mobile,North,"Social Media",Beauty,0.0,yes,"2025-10-17 04:46:50"
USR01528,SES01528,checkout,Mobile,Unknown,"Social Media",Home,0.0,yes,"2025-10-08 09:35:34"
USR01530,SES01530,checkout,Unknown,North,"Social Media",Electronics,0.0,no,"2025-10-25 16:52:29"
USR01531,SES01531,browse,Mobile,East,Email,Home,0.0,yes,"2025-10-25 06:45:05"
USR01535,SES01535,browse,Desktop,South,Email,Fashion,0,yes,"2025-10-02 12:39:21"
USR01537,SES01537,add_to_cart,Desktop,West,Organic,Home,0.0,yes,"2025-10-20 00:00:00"
USR01540,SES01540,purchase,Desktop,South,Organic,Electronics,494.2,no,"2025-10-09 01:37:25"
USR01542,SES01542,checkout,Mobile,North,Organic,Beauty,0.0,yes,"2025-10-22 15:54:16"
USR01546,SES01546,add_to_cart,Desktop,North,"Google Ads",Beauty,0.0,yes,"2025-10-07 23:14:56"
USR01547,SES01547,add_to_cart,Desktop,East,Organic,Fashion,0,yes,"2025-10-03 02:05:43"
USR01548,SES01548,add_to_cart,Tablet,North,"Google Ads",Beauty,0.0,no,"2025-10-07 00:05:09"
USR01554,SES01554,browse,Mobile,West,"Google Ads",Electronics,0,yes,"2025-10-09 08:35:58"
USR01557,SES01557,purchase,Tablet,East,"Social Media",Sports,1938.9,no,"2025-10-08 10:54:07"
USR01558,SES01558,browse,Desktop,South,"Google Ads",Electronics,0.0,yes,"2025-10-19 06:19:07"
USR01564,SES01564,browse,Unknown,East,Email,Fashion,0.0,yes,"2025-10-27 16:36:02"
USR01565,SES01565,add_to_cart,Mobile,North,"Google Ads",Home,0.0,no,"2025-10-13 13:35:15"
USR01567,SES01567,browse,Desktop,West,"Google Ads",Beauty,0.0,yes,"2025-10-25 03:06:07"
USR01568,SES01568,browse,Desktop,East,Email,Sports,0.0,yes,"2025-10-09 02:23:30"
USR01569,SES01569,add_to_cart,Tablet,West,"Social Media",Fashion,0.0,yes,"2025-10-14 11:44:14"
USR01572,SES01572,checkout,Desktop,West,"Social Media",Fashion,0.0,no,"2025-10-13 20:45:25"
USR01574,SES01574,add_to_cart,Mobile,South,"Google Ads",Beauty,0.0,yes,"2025-10-11 10:21:49"
USR01576,SES01576,add_to_cart,Mobile,Unknown,Email,Home,0.0,yes,"2025-10-13 11:07:53"
USR01579,SES01579,browse,Mobile,North,Organic,Fashion,0.0,yes,"2025-10-28 08:25:10"
USR01582,SES01582,browse,Mobile,West,Organic,Sports,0.0,yes,"2025-10-05 10:06:34"
USR01584,SES01584,browse,Desktop,West,Email,Sports,0.0,no,"2025-10-21 01:17:44"
USR01585,SES01585,add_to_cart,Tablet,North,Email,Beauty,0,no,"2025-10-22 07:53:56"
USR01586,SES01586,browse,Desktop,North,"Social Media",Fashion,0.0,yes,"2025-10-19 05:56:03"
USR01587,SES01587,browse,Desktop,West,"Social Media",Fashion,0.0,yes,"2025-10-01 20:07:04"
USR01594,SES01594,browse,Mobile,Unknown,Organic,Home,0.0,no,"2025-10-15 00:00:41"
USR01595,SES01595,purchase,Desktop,South,"Google Ads",Home,1155.3,no,"2025-10-04 12:24:55"
USR01597,SES01597,browse,Mobile,North,Organic,Beauty,0.0,yes,"2025-10-15 22:54:42"
USR01598,SES01598,add_to_cart,Unknown,South,Email,Sports,0.0,yes,"2025-10-24 20:33:49"
USR01600,SES01600,browse,Mobile,West,Email,Fashion,0.0,yes,"2025-10-13 12:07:34"
USR01602,SES01602,browse,Unknown,South,"Google Ads",Beauty,0.0,yes,"2025-10-15 06:47:39"
USR01603,SES01603,add_to_cart,Desktop,South,"Google Ads",Beauty,0.0,yes,"2025-10-23 08:32:25"
USR01604,SES01604,add_to_cart,Desktop,South,"Google Ads",Home,0.0,yes,"2025-10-19 20:52:01"
USR01606,SES01606,browse,Desktop,South,Email,Sports,0.0,yes,"2025-10-25 23:50:03"
USR01607,SES01607,add_to_cart,Tablet,East,"Google Ads",Home,0.0,no,"2025-10-23 04:09:23"
USR01608,SES01608,add_to_cart,Mobile,North,"Social Media",Fashion,0.0,yes,"2025-10-26 09:59:05"
USR01609,SES01609,browse,Mobile,North,Organic,Fashion,0.0,yes,"2025-10-20 00:00:00"
USR01610,SES01610,add_to_cart,Mobile,North,Email,Electronics,0.0,yes,"2025-10-05 14:35:23"
USR01611,SES01611,browse,Tablet,East,Email,Sports,0.0,yes,"2025-10-15 21:32:40"
USR01613,SES01613,checkout,Desktop,Unknown,Organic,Beauty,0.0,yes,"2025-10-18 20:43:15"
USR01615,SES01615,add_to_cart,Desktop,West,"Google Ads",Fashion,0.0,yes,"2025-10-23 12:17:57"
USR01616,SES01616,checkout,Desktop,North,"Google Ads",Home,0.0,yes,"2025-10-07 02:33:05"
USR01617,SES01617,browse,Mobile,North,"Google Ads",Electronics,0.0,yes,"2025-10-02 04:11:40"
USR01619,SES01619,checkout,Tablet,West,Organic,Electronics,0.0,yes,"2025-10-14 08:13:33"
USR01620,SES01620,browse,Mobile,South,"Social Media",Sports,0.0,yes,"2025-10-28 11:57:45"
USR01621,SES01621,browse,Desktop,South,"Social Media",Fashion,0,yes,"2025-10-05 14:30:18"
USR01625,SES01625,browse,Desktop,East,"Google Ads",Beauty,0.0,yes,"2025-10-12 14:05:37"
USR01627,SES01627,browse,Desktop,Unknown,Organic,Home,0.0,yes,"2025-10-04 11:23:50"
USR01630,SES01630,add_to_cart,Tablet,East,Email,Electronics,0.0,yes,"2025-10-16 19:47:21"
USR01632,SES01632,add_to_cart,Tablet,East,"Social Media",Electronics,0.0,yes,"2025-10-17 02:13:17"
USR01633,SES01633,browse,Desktop,North,Email,Sports,0,yes,"2025-10-12 04:00:54"
USR01635,SES01635,add_to_cart,Mobile,West,Email,Beauty,0,no,"2025-10-18 17:12:35"
USR01644,SES01644,browse,Desktop,West,"Google Ads",Sports,0.0,yes,"2025-10-18 18:35:24"
USR01650,SES01650,add_to_cart,Desktop,Unknown,Organic,Fashion,0.0,yes,"2025-10-04 21:49:00"
USR01651,SES01651,browse,Mobile,East,Email,Fashion,0.0,yes,"2025-10-24 17:21:03"
USR01652,SES01652,checkout,Tablet,West,"Google Ads",Fashion,0.0,yes,"2025-10-30 10:11:12"
USR01653,SES01653,purchase,Desktop,South,"Social Media",Fashion,0,no,"2025-10-21 16:32:02"
USR01656,SES01656,checkout,Tablet,South,Organic,Electronics,0.0,no,"2025-10-10 07:15:22"
USR01657,SES01657,checkout,Unknown,West,"Social Media",Home,0.0,yes,"2025-10-06 01:33:51"
USR01660,SES01660,browse,Mobile,North,Organic,Sports,0,yes,"2025-10-15 09:17:10"
USR01666,SES01666,add_to_cart,Unknown,North,"Social Media",Electronics,0.0,yes,"2025-10-08 20:07:53"
USR01668,SES01668,purchase,Tablet,South,Organic,Fashion,1909.4,no,"2025-10-23 17:57:43"
USR01669,SES01669,browse,Mobile,South,"Google Ads",Beauty,0.0,yes,"2025-10-27 19:42:58"
USR01670,SES01670,browse,Mobile,North,"Google Ads",Sports,0.0,yes,"2025-10-09 15:47:44"
USR01677,SES01677,browse,Desktop,South,"Social Media",Sports,0.0,yes,"2025-10-28 21:06:28"
USR01678,SES01678,add_to_cart,Tablet,North,"Social Media",Home,0.0,yes,"2025-10-09 20:37:21"
USR01680,SES01680,add_to_cart,Tablet,North,"Social Media",Home,0.0,yes,"2025-10-10 20:40:11"
USR01682,SES01682,add_to_cart,Mobile,East,Organic,Electronics,0.0,yes,"2025-10-12 01:21:10"
USR01687,SES01687,browse,Desktop,South,Email,Fashion,0.0,yes,"2025-10-22 13:29:46"
USR01690,SES01690,browse,Desktop,East,Email,Beauty,0.0,yes,"2025-10-28 19:46:43"
USR01695,SES01695,browse,Tablet,East,Email,Beauty,0,yes,"2025-10-04 15:21:28"
USR01698,SES01698,browse,Desktop,South,"Google Ads",Fashion,0.0,yes,"2025-10-26 19:54:43"
USR01707,SES01707,browse,Desktop,South,"Social Media",Electronics,0,yes,"2025-10-20 09:58:03"
USR01709,SES01709,browse,Mobile,South,"Social Media",Sports,0.0,yes,"2025-10-11 12:25:22"
USR01710,SES01710,browse,Unknown,East,"Google Ads",Fashion,0.0,yes,"2025-10-10 23:50:15"
USR01711,SES01711,purchase,Tablet,East,"Social Media",Beauty,1390.61,no,"2025-10-25 08:24:38"
USR01712,SES01712,purchase,Mobile,West,"Social Media",Electronics,1720.93,no,"2025-10-07 19:33:58"
USR01713,SES01713,browse,Mobile,South,Email,Fashion,0.0,yes,"2025-10-20 00:00:00"
USR01714,SES01714,purchase,Desktop,West,"Social Media",Electronics,1433.87,no,"2025-10-18 07:16:24"
USR01717,SES01717,checkout,Desktop,North,Email,Electronics,0.0,no,"2025-10-30 22:31:28"
USR01722,SES01722,browse,Tablet,East,Email,Fashion,0.0,yes,"2025-10-09 06:48:01"
USR01724,SES01724,checkout,Mobile,West,"Social Media",Home,0.0,yes,"2025-10-11 18:57:37"
USR01727,SES01727,browse,Mobile,North,Organic,Sports,0.0,yes,"2025-10-18 09:41:25"
USR01730,SES01730,browse,Tablet,West,Organic,Fashion,0,yes,"2025-10-01 20:47:09"
USR01733,SES01733,browse,Unknown,North,Email,Beauty,0.0,yes,"2025-10-06 17:52:22"
USR01736,SES01736,checkout,Mobile,East,"Social Media",Electronics,0.0,yes,"2025-10-16 19:42:09"
USR01737,SES01737,add_to_cart,Mobile,North,"Social Media",Electronics,0.0,yes,"2025-10-13 18:18:43"
USR01743,SES01743,add_to_cart,Desktop,Unknown,"Google Ads",Home,0.0,yes,"2025-10-21 06:03:23"
USR01746,SES01746,checkout,Mobile,South,Organic,Electronics,0.0,yes,"2025-10-15 19:59:23"
USR01747,SES01747,add_to_cart,Tablet,East,"Google Ads",Fashion,0.0,yes,"2025-10-21 17:22:07"
USR01750,SES01750,browse,Unknown,North,Organic,Beauty,0.0,yes,"2025-10-05 05:19:23"
USR01754,SES01754,checkout,Tablet,West,"Social Media",Home,0.0,yes,"2025-10-20 15:54:57"
USR01756,SES01756,browse,Desktop,South,Email,Electronics,0.0,yes,"2025-10-03 23:42:21"
USR01758,SES01758,browse,Desktop,East,Email,Fashion,0.0,yes,"2025-10-29 13:32:30"
USR01760,SES01760,add_to_cart,Unknown,South,"Social Media",Fashion,0.0,yes,"2025-10-08 22:22:46"
USR01768,SES01768,browse,Desktop,East,Organic,Sports,0.0,yes,"2025-10-28 04:01:13"
USR01769,SES01769,browse,Unknown,South,"Google Ads",Home,0.0,yes,"2025-10-20 01:16:56"
USR01771,SES01771,checkout,Tablet,South,Email,Fashion,0.0,yes,"2025-10-30 08:47:22"
USR01776,SES01776,add_to_cart,Unknown,North,Email,Sports,0.0,yes,"2025-10-23 22:41:25"
USR01779,SES01779,browse,Unknown,South,"Google Ads",Sports,0.0,yes,"2025-10-03 09:17:19"
USR01780,SES01780,browse,Tablet,North,"Google Ads",Home,0.0,yes,"2025-10-18 00:39:20"
USR01781,SES01781,checkout,Mobile,Unknown,Email,Electronics,0.0,yes,"2025-10-11 08:22:10"
USR01796,SES01796,browse,Tablet,West,Organic,Beauty,0.0,yes,"2025-10-14 02:50:10"
USR01797,SES01797,purchase,Desktop,West,Email,Electronics,1189.68,no,"2025-10-23 04:35:11"
USR01801,SES01801,browse,Mobile,West,Organic,Beauty,0.0,yes,"2025-10-07 19:06:21"
USR01805,SES01805,add_to_cart,Desktop,East,"Google Ads",Sports,0.0,yes,"2025-10-21 21:26:12"
USR01808,SES01808,purchase,Unknown,East,"Google Ads",Fashion,1773.64,no,"2025-10-23 17:26:11"
USR01813,SES01813,add_to_cart,Desktop,East,Organic,Beauty,0.0,yes,"2025-10-13 21:52:49"
USR01814,SES01814,browse,Tablet,South,Organic,Electronics,0.0,yes,"2025-10-24 16:56:44"
USR01815,SES01815,browse,Desktop,East,Organic,Fashion,0.0,yes,"2025-10-17 16:37:33"
USR01818,SES01818,browse,Tablet,North,Email,Electronics,0.0,yes,"2025-10-23 01:51:08"
USR01820,SES01820,checkout,Tablet,South,"Social Media",Electronics,0.0,yes,"2025-10-08 09:19:10"
USR01821,SES01821,checkout,Desktop,North,"Google Ads",Sports,0.0,yes,"2025-10-11 20:45:17"
USR01825,SES01825,add_to_cart,Unknown,East,Organic,Fashion,0.0,yes,"2025-10-22 05:29:04"
USR01828,SES01828,browse,Mobile,East,"Google Ads",Fashion,0.0,yes,"2025-10-20 00:00:00"
USR01829,SES01829,browse,Unknown,West,"Social Media",Fashion,0.0,yes,"2025-10-05 07:17:40"
USR01831,SES01831,add_to_cart,Tablet,East,"Google Ads",Electronics,0.0,no,"2025-10-07 11:04:42"
USR01836,SES01836,add_to_cart,Unknown,North,Email,Sports,0.0,yes,"2025-10-17 23:24:47"
USR01841,SES01841,add_to_cart,Desktop,South,"Google Ads",Electronics,0.0,yes,"2025-10-20 00:00:00"
USR01842,SES01842,purchase,Mobile,South,Email,Fashion,1257.55,no,"2025-10-20 00:00:00"
USR01844,SES01844,add_to_cart,Tablet,West,"Social Media",Sports,0.0,yes,"2025-10-07 09:29:31"
USR01848,SES01848,add_to_cart,Desktop,North,"Google Ads",Fashion,0.0,yes,"2025-10-07 05:52:33"
USR01855,SES01855,browse,Mobile,South,"Social Media",Home,0.0,yes,"2025-10-21 00:43:40"
USR01858,SES01858,browse,Mobile,Unknown,Email,Sports,0.0,yes,"2025-10-21 21:26:44"
USR01859,SES01859,browse,Desktop,East,"Social Media",Electronics,0.0,no,"2025-10-22 03:16:16"
USR01862,SES01862,browse,Tablet,North,"Social Media",Fashion,0.0,yes,"2025-10-15 19:20:25"
USR01864,SES01864,add_to_cart,Desktop,South,Email,Electronics,0.0,yes,"2025-10-22 02:33:49"
USR01868,SES01868,browse,Tablet,North,Organic,Fashion,0.0,yes,"2025-10-06 04:36:41"
USR01869,SES01869,add_to_cart,Tablet,North,Email,Fashion,0.0,yes,"2025-10-20 00:00:00"
USR01870,SES01870,checkout,Desktop,West,"Social Media",Electronics,0.0,yes,"2025-10-21 21:53:47"
USR01871,SES01871,checkout,Mobile,North,"Google Ads",Fashion,0.0,yes,"2025-10-03 18:40:50"
USR01874,SES01874,checkout,Tablet,North,Organic,Fashion,0.0,yes,"2025-10-09 23:26:26"
USR01875,SES01875,add_to_cart,Desktop,East,"Social Media",Sports,0.0,yes,"2025-10-20 00:00:00"
USR01876,SES01876,add_to_cart,Tablet,Unknown,Email,Home,0,yes,"2025-10-05 20:08:21"
USR01881,SES01881,browse,Desktop,South,Email,Fashion,0.0,yes,"2025-10-07 21:25:04"
USR01882,SES01882,browse,Tablet,North,"Social Media",Beauty,0.0,yes,"2025-10-06 21:21:49"
USR01885,SES01885,purchase,Mobile,East,Organic,Fashion,595.35,no,"2025-10-08 15:40:12"
USR01886,SES01886,browse,Tablet,North,Email,Electronics,0,yes,"2025-10-17 16:16:10"
USR01887,SES01887,add_to_cart,Tablet,West,"Google Ads",Beauty,0.0,yes,"2025-10-11 19:23:42"
USR01888,SES01888,add_to_cart,Tablet,East,Organic,Home,0.0,yes,"2025-10-08 01:56:19"
USR01894,SES01894,add_to_cart,Tablet,East,"Social Media",Home,0.0,yes,"2025-10-09 22:06:42"
USR01901,SES01901,add_to_cart,Desktop,East,Organic,Electronics,0.0,yes,"2025-10-09 21:25:23"
USR01903,SES01903,browse,Tablet,North,"Google Ads",Beauty,0.0,yes,"2025-10-04 08:52:02"
USR01904,SES01904,checkout,Desktop,West,"Social Media",Sports,0,yes,"2025-10-11 10:06:37"
USR01905,SES01905,purchase,Tablet,North,Organic,Electronics,1520.01,no,"2025-10-19 13:38:38"
USR01907,SES01907,purchase,Desktop,North,Organic,Electronics,1557.56,no,"2025-10-01 22:22:52"
USR01910,SES01910,browse,Mobile,North,"Google Ads",Sports,0.0,yes,"2025-10-12 02:36:07"
USR01913,SES01913,add_to_cart,Mobile,North,"Google Ads",Sports,0.0,yes,"2025-10-16 10:40:16"
USR01917,SES01917,checkout,Mobile,North,"Google Ads",Home,0.0,yes,"2025-10-20 00:00:00"
USR01918,SES01918,browse,Desktop,East,Organic,Beauty,0.0,yes,"2025-10-13 11:50:48"
USR01920,SES01920,add_to_cart,Desktop,Unknown,"Google Ads",Electronics,0.0,yes,"2025-10-18 21:39:58"
USR01922,SES01922,add_to_cart,Mobile,East,Organic,Electronics,0.0,yes,"2025-10-18 19:02:46"
USR01923,SES01923,browse,Unknown,East,Email,Sports,0.0,yes,"2025-10-22 22:47:02"
USR01925,SES01925,browse,Desktop,North,"Google Ads",Home,0.0,yes,"2025-10-06 06:40:25"
USR01927,SES01927,add_to_cart,Desktop,South,Organic,Home,0.0,yes,"2025-10-13 02:49:28"
USR01928,SES01928,checkout,Mobile,Unknown,Email,Beauty,0.0,yes,"2025-10-18 06:18:46"
USR01932,SES01932,add_to_cart,Unknown,North,"Social Media",Fashion,0.0,yes,"2025-10-18 10:37:47"
USR01933,SES01933,browse,Unknown,East,"Google Ads",Home,0.0,yes,"2025-10-17 11:06:17"
USR01934,SES01934,add_to_cart,Tablet,West,Email,Beauty,0.0,yes,"2025-10-15 03:07:05"
USR01938,SES01938,browse,Tablet,South,Email,Fashion,0.0,yes,"2025-10-22 07:59:38"
USR01944,SES01944,browse,Mobile,East,"Social Media",Electronics,0.0,yes,"2025-10-05 15:14:18"
USR01945,SES01945,add_to_cart,Unknown,West,"Social Media",Electronics,0.0,yes,"2025-10-09 13:30:57"
USR01946,SES01946,add_to_cart,Tablet,North,Email,Electronics,0.0,yes,"2025-10-06 05:39:30"
USR01947,SES01947,checkout,Tablet,North,Organic,Home,0.0,no,"2025-10-05 00:31:25"
USR01948,SES01948,add_to_cart,Mobile,West,Organic,Electronics,0.0,yes,"2025-10-22 12:08:53"
USR01949,SES01949,add_to_cart,Desktop,East,Organic,Sports,0.0,yes,"2025-10-19 20:56:47"
USR01951,SES01951,checkout,Tablet,East,"Google Ads",Home,0.0,no,"2025-10-13 21:14:58"
USR01952,SES01952,browse,Tablet,West,"Social Media",Home,0.0,no,"2025-10-27 15:40:53"
USR01958,SES01958,browse,Unknown,West,Email,Electronics,0.0,yes,"2025-10-14 22:21:06"
USR01960,SES01960,checkout,Desktop,North,Organic,Electronics,0.0,yes,"2025-10-30 12:33:21"
USR01963,SES01963,add_to_cart,Mobile,North,"Google Ads",Sports,0.0,yes,"2025-10-08 22:28:56"
USR01975,SES01975,browse,Mobile,North,"Google Ads",Electronics,0.0,yes,"2025-10-21 03:07:51"
USR01977,SES01977,browse,Desktop,West,Email,Home,0.0,yes,"2025-10-18 21:49:33"
USR01978,SES01978,browse,Mobile,East,Organic,Home,0.0,yes,"2025-10-29 06:11:32"
USR01982,SES01982,browse,Desktop,West,"Social Media",Home,0.0,no,"2025-10-05 14:53:12"
USR01983,SES01983,browse,Mobile,North,Organic,Fashion,0,yes,"2025-10-31 12:27:38"
USR01989,SES01989,checkout,Desktop,West,"Google Ads",Beauty,0.0,yes,"2025-10-22 11:15:07"
USR01990,SES01990,checkout,Unknown,South,"Social Media",Electronics,0,no,"2025-10-06 04:47:11"
USR01992,SES01992,browse,Desktop,Unknown,Email,Fashion,0.0,yes,"2025-10-21 15:39:14"
USR01994,SES01994,add_to_cart,Desktop,South,"Google Ads",Beauty,0.0,yes,"2025-10-11 02:37:31"
USR01995,SES01995,add_to_cart,Tablet,North,Organic,Electronics,0.0,yes,"2025-10-18 15:04:21"
USR01996,SES01996,add_to_cart,Unknown,North,"Google Ads",Home,0.0,yes,"2025-10-04 11:05:00"
USR02003,SES02003,add_to_cart,Tablet,West,Email,Fashion,0.0,yes,"2025-10-10 19:08:21"
USR02005,SES02005,browse,Mobile,South,"Google Ads",Electronics,0.0,yes,"2025-10-14 01:47:31"
USR02011,SES02011,browse,Tablet,South,"Social Media",Home,0,yes,"2025-10-31 16:29:28"
USR02012,SES02012,browse,Unknown,West,Email,Electronics,0.0,yes,"2025-10-24 10:53:35"
USR02014,SES02014,browse,Unknown,East,"Social Media",Home,0.0,yes,"2025-10-09 05:24:48"
USR02016,SES02016,browse,Desktop,West,Email,Home,0.0,yes,"2025-10-22 02:05:47"
USR02018,SES02018,add_to_cart,Desktop,North,"Google Ads",Home,0.0,yes,"2025-10-18 22:17:40"
USR02019,SES02019,browse,Desktop,South,"Social Media",Sports,0.0,yes,"2025-10-07 11:47:28"
USR02021,SES02021,checkout,Desktop,West,"Google Ads",Beauty,0.0,yes,"2025-10-10 09:12:26"
USR02022,SES02022,browse,Tablet,East,Email,Home,0.0,yes,"2025-10-09 20:05:19"
USR02024,SES02024,browse,Desktop,East,Organic,Electronics,0.0,yes,"2025-10-18 16:37:39"
USR02026,SES02026,browse,Unknown,South,"Google Ads",Beauty,0.0,no,"2025-10-08 01:24:56"
USR02027,SES02027,add_to_cart,Mobile,Unknown,Email,Sports,0.0,yes,"2025-10-28 17:26:26"
USR02035,SES02035,add_to_cart,Mobile,West,Organic,Home,0.0,yes,"2025-10-28 00:31:31"
USR02036,SES02036,add_to_cart,Mobile,South,Email,Fashion,0.0,yes,"2025-10-13 20:22:49"
USR02038,SES02038,browse,Desktop,South,"Social Media",Sports,0.0,yes,"2025-10-09 08:57:30"
USR02044,SES02044,purchase,Mobile,West,Organic,Sports,1350.27,no,"2025-10-18 05:16:18"
USR02045,SES02045,browse,Tablet,East,Organic,Fashion,0.0,yes,"2025-10-29 10:34:44"
USR02047,SES02047,browse,Desktop,South,Email,Electronics,0.0,yes,"2025-10-18 16:22:23"
USR02049,SES02049,browse,Desktop,West,"Google Ads",Sports,0.0,yes,"2025-10-25 05:37:18"
USR02050,SES02050,purchase,Unknown,North,Organic,Electronics,1138.33,no,"2025-10-29 10:40:28"
USR02051,SES02051,checkout,Mobile,East,"Social Media",Beauty,0.0,no,"2025-10-04 08:12:14"
USR02052,SES02052,add_to_cart,Mobile,North,Organic,Sports,0.0,yes,"2025-10-02 13:00:33"
USR02056,SES02056,add_to_cart,Tablet,East,"Google Ads",Beauty,0.0,yes,"2025-10-30 00:02:36"
USR02057,SES02057,browse,Desktop,South,"Social Media",Electronics,0.0,yes,"2025-10-02 07:51:06"
USR02059,SES02059,browse,Desktop,West,"Social Media",Fashion,0.0,yes,"2025-10-22 00:24:39"
USR02060,SES02060,add_to_cart,Unknown,West,Organic,Fashion,0.0,no,"2025-10-20 00:00:00"
USR02061,SES02061,add_to_cart,Desktop,East,"Google Ads",Electronics,0.0,yes,"2025-10-08 11:30:38"
USR02067,SES02067,checkout,Mobile,East,"Google Ads",Home,0.0,yes,"2025-10-31 04:39:17"
USR02070,SES02070,browse,Desktop,West,"Social Media",Beauty,0.0,yes,"2025-10-20 01:08:45"
USR02071,SES02071,browse,Mobile,East,"Social Media",Home,0.0,yes,"2025-10-03 03:02:32"
USR02073,SES02073,checkout,Mobile,West,Email,Electronics,0.0,yes,"2025-10-24 07:38:27"
USR02074,SES02074,browse,Tablet,East,Email,Fashion,0.0,yes,"2025-10-05 01:33:04"
USR02075,SES02075,add_to_cart,Tablet,West,Organic,Sports,0.0,yes,"2025-10-18 02:57:26"
USR02081,SES02081,add_to_cart,Desktop,East,Email,Fashion,0.0,yes,"2025-10-19 22:54:53"
USR02082,SES02082,add_to_cart,Unknown,East,Organic,Sports,0.0,yes,"2025-10-12 12:08:14"
USR02086,SES02086,browse,Mobile,West,"Social Media",Fashion,0,yes,"2025-10-16 12:18:44"
USR02087,SES02087,add_to_cart,Desktop,East,Email,Beauty,0.0,yes,"2025-10-08 09:03:28"
USR02088,SES02088,add_to_cart,Mobile,South,Organic,Fashion,0,yes,"2025-10-02 11:01:41"
USR02090,SES02090,browse,Mobile,East,"Google Ads",Electronics,0.0,yes,"2025-10-18 05:15:03"
USR02094,SES02094,add_to_cart,Tablet,West,Organic,Sports,0,yes,"2025-10-03 16:35:19"
USR02095,SES02095,purchase,Tablet,Unknown,Organic,Beauty,230.41,no,"2025-10-14 09:04:17"
USR02098,SES02098,browse,Tablet,South,"Social Media",Sports,0.0,yes,"2025-10-19 22:00:45"
USR02102,SES02102,add_to_cart,Tablet,West,Email,Electronics,0.0,no,"2025-10-10 20:53:35"
USR02103,SES02103,checkout,Mobile,Unknown,"Google Ads",Beauty,0.0,yes,"2025-10-30 17:24:28"
USR02107,SES02107,checkout,Unknown,West,"Google Ads",Fashion,0.0,no,"2025-10-18 20:31:02"
USR02110,SES02110,browse,Desktop,North,Organic,Beauty,0.0,yes,"2025-10-26 20:33:26"
USR02112,SES02112,browse,Tablet,North,"Google Ads",Beauty,0,yes,"2025-10-26 01:31:53"
USR02116,SES02116,browse,Mobile,Unknown,"Google Ads",Fashion,0.0,yes,"2025-10-17 05:29:48"
USR02117,SES02117,browse,Tablet,North,"Google Ads",Home,0.0,yes,"2025-10-04 04:00:28"
USR02119,SES02119,add_to_cart,Desktop,South,Organic,Sports,0.0,yes,"2025-10-13 17:49:41"
USR02120,SES02120,add_to_cart,Mobile,East,Email,Fashion,0.0,yes,"2025-10-20 03:01:38"
USR02121,SES02121,browse,Tablet,Unknown,Organic,Beauty,0.0,yes,"2025-10-27 11:06:50"
USR02124,SES02124,add_to_cart,Desktop,East,"Google Ads",Home,0.0,no,"2025-10-16 23:40:18"
USR02125,SES02125,add_to_cart,Mobile,South,"Social Media",Fashion,0.0,yes,"2025-10-19 12:40:42"
USR02126,SES02126,checkout,Mobile,East,Email,Fashion,0.0,yes,"2025-10-17 21:42:16"
USR02130,SES02130,checkout,Unknown,North,"Social Media",Beauty,0,yes,"2025-10-21 16:45:53"
USR02131,SES02131,checkout,Mobile,East,"Google Ads",Sports,0.0,no,"2025-10-02 05:04:47"
USR02132,SES02132,add_to_cart,Tablet,North,Organic,Electronics,0.0,no,"2025-10-23 23:41:45"
USR02137,SES02137,checkout,Tablet,West,"Social Media",Beauty,0.0,yes,"2025-10-27 16:58:45"
USR02140,SES02140,browse,Mobile,West,"Social Media",Electronics,0.0,yes,"2025-10-03 06:06:48"
USR02141,SES02141,checkout,Mobile,South,Email,Sports,0.0,yes,"2025-10-21 20:06:30"
USR02144,SES02144,browse,Mobile,Unknown,"Social Media",Home,0.0,yes,"2025-10-08 12:44:24"
USR02145,SES02145,purchase,Mobile,West,Email,Electronics,1525.55,no,"2025-10-02 10:43:21"
USR02148,SES02148,checkout,Mobile,South,Email,Home,0.0,no,"2025-10-18 19:38:10"
USR02152,SES02152,add_to_cart,Desktop,West,"Google Ads",Electronics,0.0,yes,"2025-10-16 03:08:40"
USR02153,SES02153,browse,Desktop,South,"Social Media",Fashion,0.0,yes,"2025-10-08 21:51:53"
USR02154,SES02154,add_to_cart,Tablet,North,Organic,Home,0.0,yes,"2025-10-23 19:48:44"
USR02158,SES02158,checkout,Mobile,East,Email,Fashion,0.0,yes,"2025-10-11 08:03:28"
USR02163,SES02163,browse,Tablet,West,"Google Ads",Home,0.0,no,"2025-10-12 19:51:15"
USR02169,SES02169,browse,Mobile,North,Organic,Fashion,0.0,yes,"2025-10-11 15:40:45"
USR02172,SES02172,browse,Mobile,North,Organic,Sports,0.0,yes,"2025-10-08 14:22:31"
USR02177,SES02177,browse,Tablet,Unknown,Email,Beauty,0.0,yes,"2025-10-15 05:31:52"
USR02178,SES02178,add_to_cart,Tablet,North,Organic,Home,0.0,yes,"2025-10-30 02:07:11"
USR02181,SES02181,checkout,Mobile,West,"Social Media",Fashion,0.0,yes,"2025-10-23 08:00:07"
USR02182,SES02182,checkout,Desktop,North,"Social Media",Electronics,0.0,no,"2025-10-17 15:14:54"
USR02184,SES02184,browse,Mobile,West,"Social Media",Sports,0.0,yes,"2025-10-18 23:11:02"
USR02186,SES02186,add_to_cart,Mobile,South,"Social Media",Beauty,0.0,no,"2025-10-21 02:08:34"
USR02187,SES02187,browse,Mobile,Unknown,Email,Electronics,0.0,yes,"2025-10-16 19:15:48"
USR02189,SES02189,browse,Mobile,Unknown,Email,Electronics,0.0,yes,"2025-10-23 01:41:31"
USR02192,SES02192,add_to_cart,Unknown,South,Organic,Beauty,0.0,yes,"2025-10-22 23:29:24"
USR02198,SES02198,browse,Mobile,Unknown,Organic,Sports,0.0,yes,"2025-10-07 16:22:40"
USR02199,SES02199,add_to_cart,Mobile,West,Organic,Electronics,0.0,yes,"2025-10-07 01:53:07"
USR02202,SES02202,add_to_cart,Unknown,South,"Google Ads",Fashion,0.0,yes,"2025-10-09 18:20:43"
USR02205,SES02205,browse,Desktop,West,Email,Home,0.0,yes,"2025-10-22 14:35:02"
USR02206,SES02206,purchase,Mobile,North,Email,Fashion,1749.57,no,"2025-10-30 19:26:18"
USR02211,SES02211,add_to_cart,Tablet,West,Organic,Fashion,0.0,no,"2025-10-27 23:54:57"
USR02216,SES02216,browse,Tablet,South,Organic,Sports,0.0,yes,"2025-10-15 11:23:14"
USR02217,SES02217,purchase,Mobile,South,Email,Sports,1075.74,no,"2025-10-31 10:28:37"
USR02218,SES02218,add_to_cart,Unknown,North,"Google Ads",Beauty,0.0,yes,"2025-10-06 21:29:02"
USR02220,SES02220,add_to_cart,Unknown,West,Organic,Beauty,0.0,yes,"2025-10-15 19:56:44"
USR02221,SES02221,checkout,Tablet,Unknown,"Social Media",Beauty,0.0,no,"2025-10-21 08:03:57"
USR02227,SES02227,browse,Mobile,East,Organic,Home,0.0,yes,"2025-10-15 08:02:09"
USR02238,SES02238,checkout,Mobile,North,"Social Media",Electronics,0.0,yes,"2025-10-25 02:33:09"
USR02240,SES02240,add_to_cart,Desktop,East,"Google Ads",Fashion,0.0,yes,"2025-10-07 12:18:25"
USR02242,SES02242,browse,Mobile,West,Email,Fashion,0.0,yes,"2025-10-10 02:49:48"
USR02243,SES02243,add_to_cart,Mobile,East,"Google Ads",Fashion,0.0,yes,"2025-10-20 10:19:28"
USR02245,SES02245,checkout,Desktop,East,Organic,Home,0,yes,"2025-10-08 21:17:20"
USR02247,SES02247,purchase,Desktop,West,"Google Ads",Home,1097.32,no,"2025-10-12 17:49:14"
USR02249,SES02249,browse,Desktop,South,Organic,Beauty,0.0,no,"2025-10-04 20:41:50"
USR02250,SES02250,browse,Tablet,West,Email,Fashion,0.0,yes,"2025-10-27 11:58:50"
USR02260,SES02260,add_to_cart,Desktop,Unknown,Organic,Sports,0.0,yes,"2025-10-05 12:04:32"
USR02262,SES02262,add_to_cart,Unknown,North,Organic,Home,0.0,yes,"2025-10-20 00:00:00"
USR02263,SES02263,add_to_cart,Unknown,West,Email,Electronics,0.0,yes,"2025-10-23 03:46:34"
USR02266,SES02266,browse,Tablet,North,"Social Media",Electronics,0.0,yes,"2025-10-27 11:15:12"
USR02273,SES02273,purchase,Desktop,South,Email,Sports,1780.84,no,"2025-10-05 01:10:01"
USR02276,SES02276,add_to_cart,Desktop,North,Email,Fashion,0.0,yes,"2025-10-21 04:31:55"
USR02280,SES02280,browse,Desktop,West,Organic,Sports,0.0,yes,"2025-10-11 01:08:31"
USR02281,SES02281,browse,Mobile,North,Organic,Electronics,0,yes,"2025-10-25 05:29:58"
USR02284,SES02284,add_to_cart,Desktop,South,"Google Ads",Beauty,0.0,yes,"2025-10-20 00:00:00"
USR02291,SES02291,checkout,Tablet,East,Organic,Fashion,0.0,yes,"2025-10-02 20:37:36"
USR02299,SES02299,browse,Desktop,Unknown,Email,Sports,0.0,no,"2025-10-22 12:01:37"
USR02301,SES02301,add_to_cart,Desktop,North,Email,Sports,0.0,yes,"2025-10-20 00:00:00"
USR02305,SES02305,add_to_cart,Tablet,West,"Google Ads",Beauty,0.0,yes,"2025-10-29 07:52:15"
USR02308,SES02308,browse,Mobile,North,Organic,Electronics,0.0,yes,"2025-10-20 00:00:00"
USR02309,SES02309,browse,Unknown,Unknown,Email,Electronics,0.0,yes,"2025-10-13 11:19:06"
USR02310,SES02310,add_to_cart,Desktop,South,"Google Ads",Electronics,0.0,no,"2025-10-20 18:41:00"
USR02313,SES02313,add_to_cart,Desktop,West,Email,Beauty,0.0,yes,"2025-10-25 22:16:48"
USR02316,SES02316,add_to_cart,Tablet,West,"Social Media",Electronics,0.0,yes,"2025-10-27 13:33:04"
USR02317,SES02317,add_to_cart,Desktop,West,"Social Media",Fashion,0.0,yes,"2025-10-07 08:09:36"
USR02321,SES02321,add_to_cart,Desktop,North,"Social Media",Beauty,0,yes,"2025-10-17 09:08:30"
USR02324,SES02324,browse,Mobile,West,Organic,Fashion,0.0,yes,"2025-10-30 03:14:34"
USR02333,SES02333,add_to_cart,Mobile,East,"Google Ads",Electronics,0.0,no,"2025-10-09 08:42:16"
USR02334,SES02334,browse,Mobile,South,"Google Ads",Electronics,0.0,yes,"2025-10-14 13:12:37"
USR02335,SES02335,browse,Mobile,East,Email,Sports,0.0,yes,"2025-10-10 04:23:39"
USR02338,SES02338,checkout,Tablet,North,Organic,Sports,0,yes,"2025-10-27 10:39:18"
USR02343,SES02343,add_to_cart,Tablet,North,"Social Media",Beauty,0.0,yes,"2025-10-21 13:38:29"
USR02345,SES02345,browse,Desktop,South,Organic,Fashion,0.0,yes,"2025-10-21 18:41:55"
USR02346,SES02346,browse,Mobile,East,Email,Fashion,0.0,yes,"2025-10-11 05:25:35"
USR02347,SES02347,browse,Mobile,East,Email,Electronics,0.0,yes,"2025-10-06 08:26:07"
USR02349,SES02349,purchase,Desktop,East,"Social Media",Electronics,970.36,no,"2025-10-27 05:49:48"
USR02356,SES02356,checkout,Desktop,North,Email,Home,0.0,yes,"2025-10-31 10:30:49"
USR02358,SES02358,checkout,Mobile,South,"Google Ads",Home,0.0,yes,"2025-10-25 19:59:28"
USR02361,SES02361,add_to_cart,Desktop,South,"Social Media",Electronics,0.0,yes,"2025-10-22 07:59:17"
USR02365,SES02365,add_to_cart,Unknown,South,"Google Ads",Home,0.0,yes,"2025-10-11 01:26:25"
USR02368,SES02368,checkout,Unknown,East,"Social Media",Sports,0.0,yes,"2025-10-21 12:50:22"
USR02372,SES02372,browse,Desktop,Unknown,Organic,Fashion,0.0,yes,"2025-10-29 12:13:50"
USR02375,SES02375,add_to_cart,Tablet,South,Email,Electronics,0.0,no,"2025-10-29 10:25:02"
USR02376,SES02376,add_to_cart,Tablet,North,"Google Ads",Sports,0,no,"2025-10-23 22:20:59"
USR02380,SES02380,checkout,Desktop,West,"Google Ads",Fashion,0.0,yes,"2025-10-18 20:51:03"
USR02383,SES02383,browse,Mobile,East,"Social Media",Sports,0.0,yes,"2025-10-05 05:35:55"
USR02384,SES02384,checkout,Tablet,West,"Google Ads",Electronics,0.0,no,"2025-10-05 06:15:25"
USR02388,SES02388,add_to_cart,Mobile,North,"Social Media",Electronics,0.0,yes,"2025-10-26 15:51:09"
USR02390,SES02390,add_to_cart,Desktop,North,"Social Media",Home,0.0,yes,"2025-10-16 16:57:54"
USR02393,SES02393,browse,Mobile,South,Email,Beauty,0.0,yes,"2025-10-13 19:47:53"
USR02394,SES02394,add_to_cart,Tablet,South,"Google Ads",Home,0.0,yes,"2025-10-28 20:33:07"
USR02395,SES02395,browse,Tablet,South,Organic,Beauty,0.0,yes,"2025-10-02 07:40:13"
USR02396,SES02396,browse,Mobile,North,"Google Ads",Beauty,0.0,yes,"2025-10-22 07:25:43"
USR02397,SES02397,add_to_cart,Tablet,East,Email,Beauty,0.0,yes,"2025-10-23 14:26:51"
USR02399,SES02399,add_to_cart,Tablet,East,Organic,Electronics,0.0,no,"2025-10-23 17:11:40"
USR02401,SES02401,add_to_cart,Tablet,Unknown,"Social Media",Home,0.0,yes,"2025-10-16 17:59:53"
USR02402,SES02402,checkout,Mobile,South,"Social Media",Home,0.0,yes,"2025-10-14 02:32:14"
USR02405,SES02405,browse,Tablet,South,Organic,Fashion,0.0,yes,"2025-10-10 04:28:09"
USR02410,SES02410,add_to_cart,Tablet,East,Organic,Home,0.0,yes,"2025-10-21 00:49:51"
USR02411,SES02411,add_to_cart,Mobile,West,"Google Ads",Sports,0,yes,"2025-10-20 03:46:59"
USR02412,SES02412,checkout,Mobile,South,"Google Ads",Electronics,0.0,yes,"2025-10-20 00:00:00"
USR02415,SES02415,add_to_cart,Mobile,Unknown,Email,Electronics,0.0,yes,"2025-10-19 18:04:19"
USR02417,SES02417,browse,Tablet,South,Organic,Home,0,yes,"2025-10-08 09:49:03"
USR02418,SES02418,add_to_cart,Tablet,East,Organic,Beauty,0.0,yes,"2025-10-04 08:33:35"
USR02419,SES02419,add_to_cart,Desktop,South,"Social Media",Beauty,0.0,yes,"2025-10-07 06:54:09"
USR02420,SES02420,browse,Desktop,East,"Google Ads",Electronics,0,yes,"2025-10-26 13:11:46"
USR02423,SES02423,browse,Desktop,West,Email,Electronics,0.0,yes,"2025-10-17 03:44:34"
USR02424,SES02424,add_to_cart,Tablet,West,Organic,Beauty,0.0,yes,"2025-10-06 22:53:21"
USR02425,SES02425,checkout,Mobile,North,"Google Ads",Beauty,0.0,yes,"2025-10-12 20:09:58"
USR02432,SES02432,add_to_cart,Desktop,West,Organic,Electronics,0.0,yes,"2025-10-10 20:19:12"
USR02434,SES02434,checkout,Tablet,Unknown,"Google Ads",Sports,0.0,yes,"2025-10-16 19:41:25"
USR02436,SES02436,browse,Tablet,North,"Google Ads",Electronics,0.0,yes,"2025-10-18 21:18:30"
USR02439,SES02439,add_to_cart,Mobile,West,"Social Media",Fashion,0,yes,"2025-10-15 16:32:17"
USR02447,SES02447,add_to_cart,Tablet,West,Organic,Home,0.0,yes,"2025-10-29 00:15:18"
USR02449,SES02449,browse,Mobile,West,"Google Ads",Sports,0.0,yes,"2025-10-20 00:00:00"
USR02450,SES02450,browse,Tablet,South,"Google Ads",Sports,0.0,yes,"2025-10-10 06:34:37"
USR02451,SES02451,browse,Mobile,East,Organic,Home,0.0,yes,"2025-10-13 06:28:31"
USR02453,SES02453,checkout,Mobile,West,"Social Media",Electronics,0.0,yes,"2025-10-20 00:00:00"
USR02459,SES02459,purchase,Desktop,North,"Social Media",Fashion,1751.87,no,"2025-10-05 08:12:35"
USR02471,SES02471,browse,Tablet,East,"Social Media",Beauty,0,yes,"2025-10-23 03:23:01"
USR02473,SES02473,browse,Tablet,North,Organic,Fashion,0.0,yes,"2025-10-25 02:49:57"
USR02476,SES02476,checkout,Mobile,North,"Social Media",Beauty,0.0,yes,"2025-10-09 08:10:02"
USR02479,SES02479,browse,Tablet,West,"Google Ads",Electronics,0.0,yes,"2025-10-23 06:56:43"
USR02481,SES02481,browse,Tablet,West,"Google Ads",Fashion,0.0,yes,"2025-10-30 02:49:38"
USR02482,SES02482,browse,Desktop,South,Email,Sports,0.0,yes,"2025-10-19 12:14:50"
USR02484,SES02484,checkout,Mobile,South,Organic,Electronics,0.0,no,"2025-10-20 00:00:00"
USR02485,SES02485,checkout,Desktop,North,Email,Sports,0.0,yes,"2025-10-20 00:00:00"
USR02489,SES02489,checkout,Mobile,West,"Google Ads",Home,0.0,yes,"2025-10-16 01:22:04"
USR02491,SES02491,checkout,Mobile,North,Organic,Beauty,0.0,yes,"2025-10-28 14:15:41"
USR02494,SES02494,add_to_cart,Desktop,West,Organic,Fashion,0.0,yes,"2025-10-19 17:44:54"
USR02497,SES02497,checkout,Desktop,Unknown,"Social Media",Fashion,0.0,yes,"2025-10-03 16:52:55"
USR02498,SES02498,checkout,Tablet,North,"Google Ads",Beauty,0.0,yes,"2025-10-28 18:38:48"
USR02499,SES02499,checkout,Tablet,South,Organic,Beauty,0.0,no,"2025-10-10 14:25:49"
USR02504,SES02504,checkout,Unknown,East,"Social Media",Electronics,0.0,yes,"2025-10-06 02:29:59"
USR02506,SES02506,checkout,Desktop,East,"Social Media",Home,0.0,yes,"2025-10-15 06:01:07"
USR02508,SES02508,add_to_cart,Desktop,North,Email,Beauty,0.0,yes,"2025-10-18 02:28:24"
USR02509,SES02509,add_to_cart,Unknown,North,"Google Ads",Beauty,0.0,yes,"2025-10-30 03:29:14"
USR02515,SES02515,checkout,Mobile,West,Organic,Sports,0,no,"2025-10-20 00:00:00"
USR02519,SES02519,browse,Desktop,East,Email,Beauty,0.0,yes,"2025-10-30 09:12:53"
USR02521,SES02521,browse,Unknown,North,Email,Electronics,0,yes,"2025-10-22 04:45:36"
USR02524,SES02524,add_to_cart,Desktop,North,Email,Beauty,0.0,yes,"2025-10-19 15:42:14"
USR02525,SES02525,add_to_cart,Desktop,North,"Google Ads",Beauty,0.0,yes,"2025-10-11 03:47:15"
USR02526,SES02526,checkout,Mobile,South,"Google Ads",Beauty,0.0,yes,"2025-10-19 00:18:56"
USR02527,SES02527,browse,Desktop,South,Organic,Fashion,0.0,yes,"2025-10-20 15:04:37"
USR02529,SES02529,browse,Tablet,North,"Google Ads",Home,0.0,yes,"2025-10-29 09:13:41"
USR02530,SES02530,browse,Desktop,Unknown,Organic,Home,0.0,yes,"2025-10-09 14:17:33"
USR02532,SES02532,checkout,Mobile,North,Organic,Fashion,0.0,yes,"2025-10-30 07:53:38"
USR02533,SES02533,browse,Tablet,South,"Google Ads",Home,0,yes,"2025-10-07 17:53:31"
USR02534,SES02534,browse,Mobile,South,"Google Ads",Electronics,0.0,yes,"2025-10-29 05:10:45"
USR02535,SES02535,add_to_cart,Tablet,West,"Google Ads",Home,0.0,yes,"2025-10-30 05:59:57"
USR02538,SES02538,checkout,Mobile,West,"Google Ads",Sports,0.0,no,"2025-10-16 12:32:43"
USR02544,SES02544,checkout,Tablet,South,"Google Ads",Home,0.0,yes,"2025-10-26 10:19:01"
